,ticker,mutual_holders,inst_holders,avg_vol,beta,mcap
0,BRQS,0.0001,0.001,6237266,1.447878,30400152.0
1,LRMR,0.0579,0.7478000000000001,32160,1.630196,34712384.0
2,SES,0.0142999999999999,0.2638,497020,,1662780544.0
3,ESGRO,0.1715,0.0,20000,0.596424,3379332352.0
4,WYNN,0.2096,0.3859999999999999,3429300,2.186036,6547383808.0
5,AACI,0.0065,0.4709000000000001,82500,,204570528.0
6,IOAC,0.0065,0.1246,21010,,322063296.0
7,RUSHA,0.2264,0.5689000000000001,175280,1.214705,2701589504.0
8,LPTX,0.0505,0.3383,762020,0.563725,118346784.0
9,PIM,0.0196,0.3218000000000001,68900,0.364705,177105984.0
10,AUY,0.3485,0.6101000000000002,16642470,1.417457,4603890688.0
11,IIVI,0.2326,0.5412,3444460,1.442156,5169017856.0
12,MFA,0.2121,0.4567,1605920,1.646078,4964838400.0
13,LW,0.1506,0.4555,1597390,0.684803,10946336768.0
14,GOED,0.0543,0.2678,1140740,,130856016.0
15,XBIO,0.0561999999999999,0.2172,32580,2.533823,10711739.0
16,EXR,0.1788,0.5209999999999999,491760,0.42549,23175366656.0
17,REE,0.0227999999999999,0.2659,1155840,,366611296.0
18,NRBO,0.0218999999999999,0.0630999999999999,66800,-0.709145,14706039.0
19,THRX,0.1533999999999999,1.5989,171220,,264725792.0
20,BBW,0.1056999999999999,0.413,594290,1.940196,252427792.0
21,BA,0.1102,0.331,8776880,1.405882,81731305472.0
22,PING,0.1469,0.4633,969000,1.130563,1698398464.0
23,SRT,0.0490999999999999,0.1118999999999999,226730,1.383524,107315576.0
24,SRCE,0.0975,0.5811999999999999,57140,1.055392,1115143552.0
25,SLGG,0.0523,0.1001,91570,1.138721,35420516.0
26,PKE,0.2835000000000001,0.5499999999999999,72580,0.673529,246930464.0
27,ICCH,0.0096,0.2272,2790,0.279411,55318868.0
28,PTEN,0.3054,0.5709,4990660,2.627941,3054590464.0
29,FULC,0.1592,0.6310000000000001,524450,1.950039,240454384.0
30,ENIC,0.0052,0.0208,473900,0.713271,1535496320.0
31,LLAP,0.0265,1.3657999999999997,608780,,
32,WST,0.1856,1.0071,431480,1.054411,23592902656.0
33,IGA,0.0141999999999999,0.1905,41240,0.85196,149490592.0
34,BYM,0.0109,0.1856999999999999,68700,0.291176,336738976.0
35,BMAQU,0.0034999999999999,0.0915999999999999,1560,,
36,PEGA,0.0812,0.2905999999999999,513520,1.147058,4096016128.0
37,DDOG,0.1275,0.3494999999999999,4565590,1.0727,33788213248.0
38,GSQB,0.0235999999999999,0.5718,36300,,176812992.0
39,ARC,0.0973,0.3463,122360,1.334803,111692968.0
40,AMYT,0.0208,1.1563,97170,0.358439,449019552.0
41,BTZ,0.0432,0.2366999999999999,209700,0.609803,1011442752.0
42,IS,0.4407999999999999,1.5288999999999997,4078480,,2527922688.0
43,COCP,0.1423,0.4801999999999999,162300,0.734803,40751704.0
44,WHLRD,0.1145,1.7710000000000004,4760,3.031862,12133329.0
45,FMTX,0.1349,0.6746999999999999,509270,,433222272.0
46,ARCH,0.2033999999999999,0.5820000000000001,604970,0.848039,2125874688.0
47,PEBK,0.0534,0.2625,5190,0.791666,152862384.0
48,ZYXI,0.2563,0.5210999999999999,275350,0.914705,314375392.0
49,EIGR,0.1613,0.4177,451210,1.539705,292531616.0
50,BNL,0.1938,0.509,807500,,3431761920.0
51,BHFAN,0.3693,0.0002,112550,1.472072,
52,FGMCU,0.0353,0.1263999999999999,3860,,
53,XIN,0.0008,0.0559,38710,1.338725,53945100.0
54,IBP,0.2212,0.5018999999999999,199530,1.861764,2676024576.0
55,TALO,0.1443,0.6326999999999999,1942870,2.705179,1173361920.0
56,SSAAU,0.0005,0.1317,5760,,
57,PWR,0.1473999999999999,0.4209999999999999,1327150,1.171078,18802743296.0
58,BTA,0.0213,0.1351,37470,0.504411,152935808.0
59,CPB,0.1032,0.2887999999999999,2593390,0.472549,14658432000.0
60,OPRX,0.3151,0.7063999999999999,168810,0.718137,535395008.0
61,TCFC,0.0989,0.5732,3700,,208339664.0
62,NEU,0.1654,0.3883,48570,0.357352,3136212480.0
63,HSIC,0.1493,0.544,970720,0.716666,10661257216.0
64,IMVT,0.1138,0.2267,323710,0.963782,492200032.0
65,PH,0.1381,0.3769999999999999,776230,1.65147,31876859904.0
66,NVIV,0.0239999999999999,0.0655,7500,,135345968.0
67,NTCO,0.0004,0.0337,1220230,1.792767,3742121472.0
68,PGRW,0.0038,0.4022999999999999,50910,,215170864.0
69,AMPE,0.0842999999999999,0.2052999999999999,7975980,1.539705,41451228.0
70,PRCT,0.0636999999999999,0.6154000000000001,729420,,1424085248.0
71,SMRT,0.0993,0.3458999999999999,2839030,,951872192.0
72,CPE,0.1631999999999999,0.6239,2236890,2.824019,2351422464.0
73,CAH,0.1756,0.4611,2293320,0.921078,14912220160.0
74,KOS,0.1949999999999999,0.5346000000000001,8832930,3.25,2517021696.0
75,CHDN,0.1656,0.4458000000000001,171700,1.124019,7616543232.0
76,AMST,0.0249,0.0426,41810,,10335477.0
77,ENCP,0.1369999999999999,1.0198,39470,,
78,CENTA,0.2381,0.5582999999999999,243060,0.578431,2252792576.0
79,OMEX,0.03,0.1745,71600,0.760294,51308280.0
80,MARPS,0.0002,0.0288,25060,0.519117,15040000.0
81,CDAQU,0.0188999999999999,0.3354000000000001,1180,,
82,ENDP,0.2118,0.5488999999999999,145607360,1.047058,140856880.0
83,MCFT,0.1773,0.5327999999999999,86880,2.00049,410553312.0
84,BREZ,0.0031999999999999,0.5998,4480,,150352800.0
85,SOND,0.0054,0.084,1858180,,
86,HWKZ,0.005,0.5558000000000001,5580,,280600000.0
87,NEWP,0.0698,0.1131,179720,1.19924,393566784.0
88,CTVA,0.1382,0.4092,4172150,0.706639,38435368960.0
89,SKE,0.1523,0.2515,28270,1.18153,334533120.0
90,PHD,0.013,0.1732,53010,0.658823,110590480.0
91,KNSA,0.1654,0.6206,236130,-0.031474,762594560.0
92,WIT,0.0033999999999999,0.0265999999999999,3042710,,28739747840.0
93,BOTJ,0.0242999999999999,0.2741,2850,1.072058,60158972.0
94,ATOS,0.1051999999999999,0.2639999999999999,2619020,1.963725,136753920.0
95,EGLX,0.0399,0.0909,177750,1.081925,259154912.0
96,CNNE,0.1614,0.5549000000000001,641270,0.796153,1864503424.0
97,VOC,0.0058,0.0972,147050,1.620588,115090000.0
98,FRC,0.1788,0.4162999999999999,1033050,1.124019,27061430272.0
99,EHTH,0.1737999999999999,0.5703999999999999,391780,0.080882,229840352.0
100,HCII,0.0071,0.3267,58600,,306874976.0
101,NTRSO,0.2218,0.0006,25480,1.12598,
102,BSM,0.0069999999999999,0.1022999999999999,572990,1.265686,2902544128.0
103,MPLX,0.0553,0.1697,1983370,1.670588,30279643136.0
104,TBCPU,0.0115,0.1774,16200,,
105,KACL,0.0013,0.1115999999999999,26510,,
106,SMHI,0.2042999999999999,0.4451000000000001,62620,1.217249,138453408.0
107,KF,0.0099999999999999,0.7218,5200,1.010294,125942592.0
108,WTM,0.2213,1.0307,20560,0.463725,3749760512.0
109,NVOS,0.0122,0.0179,8150,-0.286865,54425688.0
110,JCTCF,0.0266999999999999,0.1499,3230,0.330392,22808246.0
111,FGEN,0.2784,0.5192999999999999,726080,0.788725,1143113088.0
112,BCSAU,0.0063,0.3938,204,,
113,CWCO,0.0701,0.3317,69520,0.244117,215231392.0
114,PLBY,0.0523999999999999,0.5456000000000001,1001720,,281799168.0
115,EGHT,0.2298,0.659,1926340,1.086764,633155520.0
116,ATAI,0.0184,0.0635,685180,,690884352.0
117,ZIMV,0.0003,0.2635999999999999,573820,,
118,KAMN,0.266,0.6268999999999999,202200,1.248529,833278016.0
119,SNDA,0.0258,0.6057999999999999,7460,1.928431,139227552.0
120,LX,0.0494,0.2414,971900,0.777963,407918304.0
121,NUVL,0.0793,0.8866999999999998,243610,,878768832.0
122,COHN,0.0298,0.0406,3500,1.015196,18009838.0
123,KPTI,0.1596,0.4275,2401590,-0.32647,396624384.0
124,PI,0.1386,0.5117999999999999,318750,2.384313,1647474048.0
125,TBPH,0.1195,0.6166,395050,0.860784,680236224.0
126,PCH,0.2147,0.4983000000000001,472450,1.228921,3147096320.0
127,FWONA,0.1857,0.5118999999999999,126560,1.229901,13661423616.0
128,AEM,0.0746999999999999,0.1827,2432620,0.861274,11060596736.0
129,BMI,0.2364,0.6248999999999999,120010,0.755392,2373621248.0
130,AVEO,0.0527,0.4076999999999999,389310,1.156372,246461584.0
131,NPO,0.2817999999999999,0.5449,149740,1.442156,1638699776.0
132,KRYS,0.193,0.4903999999999999,207000,0.956637,1820394112.0
133,CVLY,0.1641,0.3542,12070,,216149616.0
134,IQ,0.0576,0.4327999999999999,8097540,0.79618,3322889728.0
135,MNOV,0.0522,0.1302,21300,1.254901,127021880.0
136,USAK,0.1053,0.6857000000000001,919730,1.85147,276305856.0
137,BROG,0.0003,0.0298,810,-0.502689,835608512.0
138,ULTA,0.1439,0.7968999999999998,739140,1.65196,20643608576.0
139,BKEPP,0.0374,0.046,159830,2.147549,361105984.0
140,PEBO,0.1529,0.3222999999999999,151690,0.819607,754875776.0
141,CULP,0.1591,0.5090999999999999,82040,1.060294,53844776.0
142,BANC,0.1872,0.5982,362470,1.511274,1140991232.0
143,JILL,0.0715,0.1702,48980,1.654411,171094944.0
144,CUK,0.0012,0.1334,4341020,2.07598,9575725056.0
145,JAQC,0.0133,0.563,2700,,196479808.0
146,PWSC,0.0413999999999999,0.5759,380820,,2664538880.0
147,NDACU,0.0007,0.0819999999999999,6500,,
148,OXUS,0.0069,0.4561,20350,,218624992.0
149,BRW,0.0403,0.2584,69510,,677920192.0
150,NWS,0.0545,0.2548999999999999,689460,1.335784,9442792448.0
151,EDR,0.0845,0.7309,647090,,5786650112.0
152,YTRA,0.0006,1.0224,104400,1.754411,147103712.0
153,ALOT,0.1703999999999999,0.4021,6970,0.721078,85698320.0
154,GOLD,0.1137,0.2633,17682100,0.031625,30568202240.0
155,PCPC,0.0189,0.4074,28960,,436738560.0
156,JOF,0.0436,0.7297,20990,0.692647,180770288.0
157,BRIV,0.0133,0.4078,1960,,216084368.0
158,CADL,0.1063999999999999,0.2408,5870,,100414304.0
159,ESRT,0.2456,0.561,1261040,0.985294,1216017664.0
160,KREF,0.1517999999999999,0.5510000000000002,857840,0.680417,1083264768.0
161,EMLDU,0.0251,0.4712,310,,
162,AVGO,0.2229,0.4899,1824150,1.02696,205896122368.0
163,LASR,0.2514,0.5599,383480,2.350691,468193600.0
164,SSBI,0.081,0.1781,4070,0.569607,102109704.0
165,UBX,0.0564,0.3203,391450,0.281673,34634520.0
166,CMPS,0.0229,0.1301,276330,,567961600.0
167,SIVB,0.1623,0.4269999999999999,522240,1.82549,24568305664.0
168,AGBA,0.0100999999999999,0.4269,0,0.047228,57045488.0
169,ATVCU,0.0124999999999999,0.1626,2010,,
170,NIU,0.0754,0.344,854070,0.861766,555282048.0
171,WAFU,0.0004,0.0024,10650,0.748755,10434188.0
172,GRAY,0.0282999999999999,0.5167999999999999,1767440,,25157126.0
173,FFNW,0.1222999999999999,0.332,9090,,145217296.0
174,CLPS,0.0002,0.0106,15550,2.815139,31825246.0
175,GPRO,0.1468999999999999,0.4725999999999999,2838540,1.15049,867337728.0
176,GNUS,0.0923,0.1893,5154220,1.818627,217945056.0
177,EQNR,0.0016,0.0464,3148770,0.70497,109764755456.0
178,IDYA,0.2342,0.5739000000000001,285030,1.785657,594013376.0
179,VAPO,0.1649,0.9505,509770,-1.06949,64920776.0
180,CCU,0.0649,0.16,365360,0.392365,2263199744.0
181,MLKN,0.2004,0.5231,665290,1.202941,2091351424.0
182,PBAX,0.0273,0.382,20510,,230271632.0
183,AVTR,0.1499999999999999,0.4884999999999999,4086960,1.620993,19142918144.0
184,ZNTL,0.4097999999999999,1.3605000000000005,786100,2.283609,1347385600.0
185,TCBS,0.0023,0.0303,1230,,49440076.0
186,BBAI,0.0001,0.0817,131230,,500238560.0
187,CNSP,0.019,0.0336,759820,2.113699,7932356.0
188,FBHS,0.1741,0.5184999999999998,1122630,1.623529,8393790464.0
189,IRRX,0.007,0.2107,3410,,286637504.0
190,HCSG,0.2553999999999999,0.5712999999999999,473630,0.348039,1323067264.0
191,BITF,0.0662,0.0951999999999999,3236690,1.919478,255444736.0
192,MMS,0.2326,0.5319999999999999,255290,0.732352,3901881856.0
193,GROY,0.0281,0.1089,376440,,322766496.0
194,CF,0.1602,0.5135,3329410,1.027941,18444851200.0
195,VLON,0.0272999999999999,0.1336,605720,,4734191.0
196,OVV,0.2037,0.4177,9443090,4.297912,11247499264.0
197,FINS,0.0250999999999999,0.4658,53740,0.445913,223104848.0
198,AGMH,0.0012,0.092,32630,,40576968.0
199,CHW,0.0086,0.2507,189210,1.411274,422637952.0
200,STIM,0.1098,0.5000999999999999,384670,2.354914,95188480.0
201,DHBCU,0.0007,0.2252,10200,,346452928.0
202,GVP,0.1077,0.2460999999999999,16310,1.377941,25289242.0
203,CELC,0.1036,0.2718,168330,1.515044,140685232.0
204,SCYX,0.2107,0.5032000000000001,73880,,47181696.0
205,VOXX,0.1025,0.6811999999999999,341870,1.211274,240188544.0
206,AOMR,0.068,0.7080000000000002,66320,,341475360.0
207,LJAQ,0.0083,0.3859,18560,,174221088.0
208,BRBS,0.3983,1.3148999999999995,48870,0.369117,278431776.0
209,TMST,0.2332,0.9492,657200,1.857352,802641664.0
210,UNIT,0.2464999999999999,1.1372999999999998,2205650,1.032352,2226149632.0
211,APWC,0.011,0.0126,4230,,17826030.0
212,AYTU,0.0384,0.0993,1280360,-0.390686,19359988.0
213,LEAP,0.1198,3.0635,139860,,454071104.0
214,NBY,0.0174999999999999,0.0301,575800,3.396568,13622395.0
215,DHY,0.0165,0.0892999999999999,522990,0.692647,194606320.0
216,ECOR,0.0453,0.1727999999999999,134600,0.920436,37752568.0
217,REXR,0.1839,0.5575,2312940,0.770588,8955912192.0
218,HCMAU,0.0034,0.1221,60,,
219,IPVI,0.0029,0.2947,12950,,351828128.0
220,NATR,0.0984,0.579,83440,0.806372,205707840.0
221,PHK,0.0301999999999999,0.0551999999999999,313860,0.770098,685588480.0
222,LMPX,0.0356,0.0722999999999999,41540,1.969737,70175216.0
223,YSG,0.0389999999999999,0.519,19517400,,1275858176.0
224,VIVE,0.0208,0.1309999999999999,960880,0.634313,6997716.0
225,GHL,0.1448,0.3978,439180,0.822058,154424080.0
226,FNHC,0.0851,0.1905,475120,0.883333,6368118.0
227,GHSI,0.0209,0.0399,4155590,0.648793,3908320.0
228,REVHU,0.0933,0.2586,21410,,
229,LFTR,0.0199,0.442,13350,,256285248.0
230,TGB,0.0425999999999999,0.3447999999999999,1646010,2.208096,303832928.0
231,BIOS,0.0071,0.0911,47620,,
232,SECO,0.0021999999999999,0.2027,331990,1.463274,16949558.0
233,PCOR,0.0701,0.653,668270,,6683905024.0
234,USER,0.0089,0.7882000000000002,777050,,888776128.0
235,JWN,0.1409,0.3322,4365820,2.395098,3364690432.0
236,EBACU,0.0202,0.1934,3470,,
237,GABC,0.1387999999999999,0.2916999999999999,118480,0.646568,
238,SPWR,0.1092,0.2548,2777420,1.75245,3110324224.0
239,PNTM,0.0172,0.3856999999999999,261530,,850424960.0
240,BROS,0.1359,0.3059,690590,,1824354432.0
241,FFIE,0.0178,0.0772,24308240,,1751549440.0
242,IMRA,0.0415,0.513,60600,2.695781,31005324.0
243,IVR,0.2343,0.4178,1565300,1.241666,4523361792.0
244,SISI,0.0006,0.0129,19230,1.697058,12722192.0
245,AXR,0.0455,0.1941,2800,0.788235,83344096.0
246,CCRN,0.1949,0.5505000000000001,450600,1.063725,854703232.0
247,MDXH,0.0007,0.1366,8320,1.367183,123107280.0
248,NRP,0.0032,1.1877,15300,0.566666,516407872.0
249,MOHO,0.0014,0.0172,1083370,1.253129,8034016.0
250,ECF,0.0232,0.2342,59350,1.05147,120685528.0
251,GTIM,0.0545,0.137,5590,2.110784,37242908.0
252,HPLT,0.0021,0.6422,50960,,252350000.0
253,GANX,0.007,0.0883,35490,,45083464.0
254,PIK,0.0097,0.0288,63030,,11731458.0
255,ALIM,0.0333,0.206,8490,1.606372,36078380.0
256,GRF,0.0012,0.018,780,0.683823,35984984.0
257,UONEK,0.0605,0.3753999999999999,289700,1.047549,236428176.0
258,TFII,0.182,0.6967000000000001,200990,1.47881,7924804096.0
259,CHSCL,0.1888,0.0036,41310,,
260,XTLB,0.0052,0.1733999999999999,1700,1.067021,8571993.0
261,OPA,0.0717999999999999,0.4329,15610,,244875008.0
262,ATHM,0.0958,0.3211,834990,0.196078,4727993856.0
263,HTLD,0.1868999999999999,0.3984,242130,0.533823,1105456256.0
264,RYAAY,0.1215999999999999,0.306,564570,1.531801,15371363328.0
265,HUBG,0.2694,0.5606,177980,0.904411,2446284288.0
266,ACRS,0.0914,0.4831999999999999,441740,0.484803,1000454080.0
267,CRESY,0.0369,0.1007999999999999,143760,1.620949,548309376.0
268,PBPB,0.1245,0.4359999999999999,30990,1.456372,152379248.0
269,DAWN,0.1127,0.4652,896850,,1213806464.0
270,FAST,0.1452,0.3835999999999999,3024060,1.304901,29126254592.0
271,ARVL,0.0541999999999999,0.1306,4438320,2.312231,1037610752.0
272,FDMT,0.1336999999999999,0.5697,249780,,273179808.0
273,LAD,0.1565,0.4622999999999999,253830,1.543137,8567815680.0
274,SABR,0.1737,0.5290000000000001,10876570,1.912745,2205840384.0
275,STE,0.1627999999999999,0.4708,468610,0.639215,20944816128.0
276,VERU,0.0767999999999999,0.4658,9779270,0.474509,1065995520.0
277,SMCI,0.1357,0.4407,535330,1.356372,2066526848.0
278,KTB,0.2254,0.6708999999999999,409400,1.173076,1920709376.0
279,DBL,0.0178,0.2709,67010,,240361216.0
280,DOGZ,0.0003,0.0229999999999999,332070,0.46837,57563248.0
281,DAR,0.1509,0.4483,2278960,1.106372,9532108800.0
282,OPY,0.1096999999999999,0.3106,90200,1.107843,434726688.0
283,AMTX,0.1756,0.3822,724650,-0.204411,175103824.0
284,ATOM,0.0846,0.2561,181590,1.459313,239915840.0
285,FWRG,0.0696,0.9166000000000002,128250,,879821120.0
286,PEAK,0.206,0.5783,4193550,0.748529,14134467584.0
287,EXAS,0.1949,0.5083,2118570,1.132843,8026619904.0
288,RCUS,0.1394999999999999,0.4288,818940,0.845994,2021780736.0
289,ICLR,0.1446,0.4225,492550,0.97549,17740650496.0
290,MRCC,0.0045,0.1226,58290,1.323529,201000848.0
291,TRMR,0.0164999999999999,0.1603,173800,1.382148,725830144.0
292,HNW,0.0231,0.1416999999999999,44600,0.789705,92660624.0
293,TBCP,0.0157999999999999,0.3427,54180,,517506944.0
294,NXE,0.0757,0.1466,1982370,1.573687,1840490496.0
295,LFT,0.0322,0.1446,45800,1.27549,61371836.0
296,ROLL,0.2526,0.5720999999999999,150200,1.340196,5713123840.0
297,MCAA,0.0058,0.261,54050,,291237504.0
298,ACST,0.0007,0.0083,67180,1.428842,40318928.0
299,SCX,0.2134,0.3989,10400,0.736764,49060148.0
300,STT,0.1583,0.4802999999999999,2124130,1.553921,23045595136.0
301,HLMN,0.0124999999999999,0.0732,3202480,,1658135680.0
302,AMC,0.1291,0.2629999999999999,44940000,1.5,7525417472.0
303,GRC,0.2062,0.3656,58990,0.579411,718742784.0
304,GAM,0.0332,0.2054,19490,1.05049,879979328.0
305,CPAAU,0.1805,0.6177,110,,
306,WNC,0.2437,1.1945,550610,1.567647,690698944.0
307,DNUT,0.0395,0.2113999999999999,819160,,2363256832.0
308,KMF,0.0295,0.2537,171360,,353509280.0
309,MUX,0.1223,0.1833,1362030,1.157843,190700368.0
310,IGMS,0.1195999999999999,0.5502,229670,-0.693991,673580288.0
311,EC,0.0033,0.01,1851360,1.050599,21339514880.0
312,ALT,0.2324999999999999,0.4979,2330740,1.347558,503488064.0
313,AIMC,0.2347,0.5498,245710,2.309313,2277379584.0
314,NYC,0.051,0.1831999999999999,29460,,66388500.0
315,PARA,0.1317,0.3804,6553620,1.531372,
316,MDWD,0.0062,0.0827,242110,1.40147,46047600.0
317,PRAA,0.2631,0.7055999999999999,342550,1.317647,1642901632.0
318,GDO,0.0126,0.2216999999999999,35170,,203046832.0
319,HPF,0.0075,0.0492,49640,0.853431,377258304.0
320,PTIC,0.0069,0.5042,30750,,283187520.0
321,ESTA,0.0659,0.5587,115080,1.189655,1335565824.0
322,BLEU,0.0073,0.1157,28960,,
323,GGMC,0.006,0.6098,17740,,342244416.0
324,SCOBU,0.0164,0.147,3600,,
325,API,0.0621999999999999,0.4004,666780,,721876352.0
326,ECVT,0.1084999999999999,0.5961000000000001,641510,0.770353,1333593728.0
327,NUS,0.2918,0.508,452670,1.25147,2060691712.0
328,CPNG,0.0886,0.7015,11120480,,27357493248.0
329,CHEF,0.2747,0.5516,724620,2.241176,1502866176.0
330,USAP,0.1887,0.8931999999999998,11980,1.309313,64231528.0
331,SNOA,0.0343,0.0574,12560,0.836764,9200080.0
332,OMIC,0.0532,0.4435000000000001,506610,,340836672.0
333,NVMI,0.1287,0.4077999999999999,147380,1.184313,2488041472.0
334,ISLE,0.0205,0.3417,27860,,260602432.0
335,JHX,0.0006,0.0096,126750,1.083377,10865550336.0
336,ASTE,0.2752,0.5869,115790,1.32647,940182080.0
337,HMC,0.0215999999999999,0.037,1375380,0.961517,41419661312.0
338,SBI,0.0115999999999999,0.2934,27360,0.202941,113644160.0
339,STRT,0.4085,0.6312000000000001,5420,1.012254,121535200.0
340,FFHL,0.0012,0.0664,12680,,16492493.0
341,PEP,0.1192,0.2967999999999999,4660110,0.653431,237649887232.0
342,HCKT,0.1141999999999999,0.4361,129150,0.659803,605079552.0
343,NID,0.0046,0.1343,79110,0.155392,620615296.0
344,XL,0.1671999999999999,0.4132,2754310,0.73813,172879568.0
345,UWMC,0.0993,0.4415,1463530,0.966253,6147801088.0
346,USB,0.1122,0.7303000000000002,5482340,1.006372,68994678784.0
347,ESS,0.189,0.5714999999999999,495930,0.770098,17112885248.0
348,SBUX,0.1246999999999999,0.2943,7725630,0.895098,
349,PFN,0.0235,0.0735,403120,0.709313,600245376.0
350,DNAY,0.082,0.5445,2452140,,57915044.0
351,SLQT,0.1664,0.4837999999999999,1440970,,385301280.0
352,KAR,0.2729,0.6016999999999999,699280,0.987745,1910598656.0
353,APM,0.0243,0.0636,112640,,45958572.0
354,ALX,0.0836,0.2795999999999999,11310,0.565196,1172991232.0
355,BBY,0.1438999999999999,0.4215,3023670,1.522058,17120724992.0
356,AQMS,0.0474,0.1595,354300,,55005480.0
357,ALKS,0.2768,0.635,1475850,0.899019,5150304256.0
358,BTOG,0.0005,0.0029,180090,0.108087,
359,BYD,0.1293,0.3604,1119220,1.965196,5574608384.0
360,BKR,0.3157,0.7763000000000001,8572040,1.492156,24767987712.0
361,AVYA,0.2236,0.5292,7828950,1.544197,218700544.0
362,VINP,0.0093999999999999,0.5588,21960,,606485760.0
363,CODX,0.0674999999999999,0.1577,423000,-1.53825,174377392.0
364,DUOL,0.0706,0.4432999999999999,969860,,4125325312.0
365,EPM,0.1503,0.4123,195950,1.092156,173875888.0
366,PAA,0.1451,0.2641999999999999,5299490,1.915686,7239221760.0
367,OESX,0.1561999999999999,0.4332,48190,2.189705,62455724.0
368,JYNT,0.3197,0.5795000000000001,194370,1.260784,227297744.0
369,QURE,0.2118,0.4901,840770,1.035784,1052297344.0
370,ABM,0.2925999999999999,0.594,431900,1.216176,2903425536.0
371,USLM,0.1091,0.453,7860,0.704901,616546880.0
372,IRBT,0.3056,0.6111000000000001,450860,1.224509,1092889472.0
373,KRON,0.1803,0.4645000000000001,378300,,253562848.0
374,ZM,0.2413,0.7402000000000001,4492330,-0.942167,35699802112.0
375,IMV,0.0049,0.1174,86190,1.865275,53267356.0
376,TPX,0.1713,1.0723,2570560,1.819117,4325699584.0
377,EPIX,0.157,0.9025,331730,1.635294,118317768.0
378,IRT,0.1152,0.4098,2284080,0.936274,4484939776.0
379,PTR,0.0027999999999999,0.0147,217320,0.764297,137140502528.0
380,DLNG,0.027,0.0726,104660,1.729411,119239128.0
381,PAQC,0.0053,0.2668999999999999,20320,,283762496.0
382,NTB,0.1782,0.3754999999999999,162570,1.679901,1614479872.0
383,PTC,0.1455,0.4475,627930,1.261274,12600516608.0
384,BMRC,0.1354999999999999,0.3339,28830,0.728921,516589024.0
385,MCHP,0.1817,0.4682,5057220,1.566176,32987080704.0
386,TG,0.2158,0.8479,198330,0.880392,335061056.0
387,MGNX,0.1711,0.6586,919670,2.109803,214403008.0
388,ANAB,0.1588999999999999,0.7061,221340,0.129901,561740288.0
389,PDCO,0.2587,0.4881,1339160,1.398529,2906355712.0
390,VRAR,0.0113,0.0549999999999999,64250,,54510752.0
391,MSTR,0.2903,0.4718,851440,1.615686,2481920768.0
392,NOVA,0.1443,0.6396000000000001,2759730,2.206088,2433926912.0
393,AEY,0.0219,0.0326,6760,0.461764,16561609.0
394,ARGO,0.2053,0.5428999999999998,172390,0.967156,1189507840.0
395,INSP,0.2113,0.4504,237200,1.567729,5563543040.0
396,DISAU,0.0455,0.2261999999999999,430,,
397,AREN,0.0371,0.2748,174630,0.386274,
398,NBTB,0.2185,0.4298999999999999,173450,0.603921,1645562112.0
399,ODC,0.2931,0.4937999999999999,112990,0.487254,226661568.0
400,PCTY,0.22,0.4115999999999999,289770,1.305392,10754889728.0
401,COVA,0.0074,0.3096,296350,,368984992.0
402,CD,0.0691,0.2621,2587290,,2735135232.0
403,TIGO,0.0193,0.0747,184270,0.80245,1441791744.0
404,KB,0.012,0.0321999999999999,237620,0.679538,14124231680.0
405,ARKO,0.1047999999999999,0.4299999999999999,238880,0.155737,1081279232.0
406,UMBF,0.2121,1.0464,177140,0.95147,4303449600.0
407,CYXT,0.0848,0.5054000000000001,1023300,,2089675776.0
408,MKC,0.1442999999999999,0.4678,1499840,0.471078,21940922368.0
409,HYB,0.0169,0.1938,79340,0.705882,163348608.0
410,MOMO,0.0868,0.3955000000000001,2058150,1.338725,1045079104.0
411,ADMP,0.0519,0.088,487950,1.140686,80383552.0
412,RCI,0.0511,0.3202,249900,0.355471,24065445888.0
413,AVDL,0.0127999999999999,0.4722,1265610,0.990196,255583648.0
414,FAF,0.1677,0.4931,899520,1.22647,5941687808.0
415,ALTO,0.1677,0.369,1731570,2.670098,294841632.0
416,RELX,0.0078,0.0246,1842320,0.487439,52218630144.0
417,CUBA,0.0121,0.1354,15880,1.388725,23902274.0
418,MRUS,0.1253999999999999,0.4804,504400,1.005882,1046734400.0
419,DDD,0.2514,0.4667999999999999,1407600,1.211274,1303757312.0
420,NTNX,0.2023,0.5124,2201400,1.543137,3400186368.0
421,DBTX,0.0795,0.6201000000000001,1275710,,124118536.0
422,HSAQ,0.0681,0.3459,48730,,204090992.0
423,CDNA,0.2944,0.5299,776420,0.656372,1386585728.0
424,CSAN,0.0003,0.0285,267120,1.047492,6264333824.0
425,CORZ,0.0106999999999999,0.0398999999999999,6796970,,
426,TCI,0.0058,0.0128999999999999,14170,0.588235,341339520.0
427,TROX,0.1358,0.7071999999999999,1408960,2.181862,2429560064.0
428,AGNCO,0.2748,0.0008,63790,1.005392,
429,EEX,0.1249999999999999,0.1863,436630,1.837433,263000640.0
430,PARAA,0.0547,0.1304,52560,1.531372,
431,KLXE,0.0399,0.146,217940,2.429966,44077372.0
432,APEN,0.0459,0.4752,137740,2.357352,160339552.0
433,COE,0.0002,0.2938,61410,-0.721568,26450290.0
434,MPWR,0.1604,0.4684999999999999,504990,0.915686,18228860928.0
435,SJM,0.1393,0.4088,902360,0.299019,14298497024.0
436,BSMX,0.021,0.2216,15450,,7330946048.0
437,MAS,0.1667999999999999,0.4593,2283010,1.354901,12829213696.0
438,ASCAU,0.0167,0.0355,6230,,
439,ASPS,0.0276,0.348,76040,1.573529,182740400.0
440,RKLY,0.0048,0.0546999999999999,1595660,-0.219584,319495392.0
441,SNAX,0.0561,0.2018999999999999,73300,0.292253,8480770.0
442,GOOGL,0.1153,0.3234,1862760,1.060784,1584539500544.0
443,PPBI,0.2317,0.5297000000000001,458110,1.190686,2867451648.0
444,ADTH,0.0005,0.1152999999999999,743260,,265660896.0
445,CMT,0.2246,0.3859000000000001,9860,2.142156,74527840.0
446,ACI,0.0241,0.531,4264800,,12579676160.0
447,CARA,0.1502,0.3743999999999999,525480,1.085784,523895264.0
448,MG,0.1399,0.298,343820,1.95147,174981712.0
449,STWD,0.1132,0.2469,2406940,1.572549,6561471488.0
450,CAMP,0.2196,0.6012000000000001,1442130,2.286764,154744512.0
451,NMR,0.0004,0.0078,1245460,0.92357,11444013056.0
452,VFL,0.1198,0.5996000000000001,57400,0.169117,52484620.0
453,DIOD,0.2345,0.539,330870,1.122058,2934710528.0
454,CDE,0.2398,0.4069,5315680,1.766176,724610240.0
455,EW,0.1269,0.3959,2552860,1.147549,61428224000.0
456,CSII,0.2961,0.6045999999999999,312610,0.835294,604610944.0
457,PSAG,0.0123999999999999,0.4506999999999999,95340,,394759904.0
458,FRST,0.1502,0.3942,91720,0.978431,322664512.0
459,NGD,0.1535,0.2339999999999999,3673790,1.836812,708135936.0
460,MIDD,0.1943,0.4913,528780,1.624509,7089015808.0
461,ATER,0.0515999999999999,0.1158999999999999,3189370,2.704627,
462,BW,0.1886999999999999,0.6334,387930,2.612745,529640064.0
463,DWAC,0.0008,0.0383,1157210,,912504448.0
464,EOS,0.01,0.1301,147060,1.161764,877419008.0
465,DALS,0.2097,0.6118999999999999,45010,,248292000.0
466,FET,0.0857999999999999,0.3162,22080,3.659803,109575304.0
467,NCV,0.0487,0.1849,518270,1.245588,330767392.0
468,SFST,0.1865,0.4879,28330,0.92549,351828864.0
469,FYBR,0.1399,0.581,2844430,,6117532160.0
470,AQB,0.0654,0.2817999999999999,1347990,1.122549,120033432.0
471,ETW,0.0101,0.1164999999999999,280540,0.956372,918596544.0
472,SPPI,0.1654,0.3355,3477200,2.094117,137050816.0
473,CMU,0.0262,0.1032999999999999,85000,0.298529,97155784.0
474,MYE,0.352,0.6682,152190,1.539215,804510272.0
475,ADRA,0.0141999999999999,0.5488,79560,,142456240.0
476,DTOC,0.0069999999999999,0.3943,15570,,407703744.0
477,BBVA,0.0013,0.0183,2667000,1.94869,29156370432.0
478,BKH,0.2385,0.5011000000000001,300190,0.470588,4540175872.0
479,SWKH,0.0209,0.8953000000000001,48580,0.256862,230569200.0
480,AEAE,0.003,0.3087999999999999,78190,,
481,VPCB,0.0008,0.9437,47660,,313336384.0
482,FCCO,0.1412,0.3529,11050,0.648529,138137408.0
483,STOK,0.1083,0.7820999999999999,251300,0.323541,533837408.0
484,AGRO,0.0566999999999999,0.3966,921120,1.158823,894766528.0
485,KLTR,0.0095,0.2961999999999999,854690,,249941776.0
486,SBAC,0.1911,0.4684999999999999,568350,0.432352,35267887104.0
487,MPRA,0.0216999999999999,0.3254,37190,,286062496.0
488,BMEA,0.126,0.4760999999999999,420250,,342147744.0
489,MIN,0.0121999999999999,0.346,469370,0.191666,342179360.0
490,CMC,0.2061,0.5193,1308280,1.185294,4133014272.0
491,OM,0.2626,0.6579999999999999,517060,,814260480.0
492,JOUT,0.1429,0.5021,37250,0.865196,649153536.0
493,CLBR,0.0045,0.4732999999999999,830,,209371872.0
494,GNL,0.2625,0.5047999999999999,728410,1.099019,1443203712.0
495,FLNG,0.0228,0.1348,818510,0.367183,1487656832.0
496,CLAQ,0.0110999999999999,0.4834,18620,,217565632.0
497,DJCO,0.0721,0.3535,2990,0.740686,375591584.0
498,BIP,0.1105,0.3769,326550,0.807843,11707665408.0
499,DNOW,0.2294,0.5287000000000001,785440,1.836764,1136546432.0
500,AVAN,0.0224999999999999,0.4560999999999999,24870,,744000000.0
501,RELI,0.0371,0.1804,77410,-0.727941,20487908.0
502,BLPH,0.0475,0.1243,152850,-0.538235,11312640.0
503,HEXO,0.0672,0.1361,10254800,1.993674,74148848.0
504,FR,0.2064,0.5116,936090,0.955882,6287795200.0
505,BK,0.1577,0.4610000000000001,4186580,1.107352,34593640448.0
506,CMS,0.1980999999999999,0.5119,2040340,0.257843,19125794816.0
507,NMIH,0.2466999999999999,0.5337000000000001,520260,1.528431,1456817664.0
508,SIG,0.2437,0.6374000000000001,956570,2.52598,2930065408.0
509,DYFN,0.0183,0.1991,13820,,69178296.0
510,JAGX,0.031,0.0585,3530740,1.693243,15302875.0
511,SSRM,0.171,0.2949,5696140,1.0506,3511826432.0
512,RJF,0.1422,0.3814,1207560,1.082352,18694770688.0
513,NVEC,0.2656,0.5005999999999999,101870,1.120588,228031792.0
514,RUN,0.1702999999999999,0.5317000000000001,6234610,2.10049,5535313408.0
515,FPH,0.1558999999999999,0.6472000000000001,125970,1.345253,597753792.0
516,NVT,0.2159,0.4407999999999999,827620,1.439851,5214978560.0
517,ALCO,0.0988,0.2297,160150,0.596424,276114848.0
518,AKIC,0.0135,0.4091999999999999,6260,,289100288.0
519,FE,0.1674,0.4918999999999999,3029320,0.420604,21198704640.0
520,SGFY,0.1413,1.0536,1754390,,3662683392.0
521,PED,0.0169,0.0444,568570,1.088122,101701096.0
522,YMTX,0.1348,0.2461,112280,,18656668.0
523,HIO,0.0962,0.2115,191780,0.572584,380396800.0
524,SYRS,0.1169999999999999,0.5465,1135920,1.8659,55178364.0
525,TBBK,0.2376,0.5055,510810,1.385696,1156337792.0
526,CPHC,0.1347,0.3017000000000001,8610,0.031502,129233504.0
527,IPVF,0.0374,0.4191,27210,,325382400.0
528,CUBI,0.2282,0.4945,340380,1.620263,1138181120.0
529,PIAI,0.0327,0.5184,42390,,403079456.0
530,BCAB,0.1134,0.4907,864930,,148533184.0
531,PAG,0.0831,0.2027,389630,1.442156,8468047360.0
532,DRUG,0.0141,0.0866,31810,,11278283.0
533,TDOC,0.1972,1.0383,5785570,0.42696,6693238272.0
534,JEF,0.1571,0.3486,1582810,1.399019,6919908864.0
535,CHRA,0.1431,0.3688,41600,0.236739,144655776.0
536,MITO,0.0004,0.0148,461760,1.87897,13560749.0
537,ALPN,0.0478999999999999,0.6535000000000001,117420,1.890059,268825824.0
538,INSI,0.0118,0.2357,30960,0.223039,172323904.0
539,EXTN,0.0942,0.5093,212060,0.210784,141873344.0
540,PCN,0.0023,0.0631,136650,0.737745,537216576.0
541,KRT,0.0963,0.1722999999999999,25810,,358567136.0
542,RUBY,0.1911999999999999,0.8676000000000001,891830,2.478544,82146328.0
543,CTOS,0.0776,0.8295999999999999,577580,0.226523,1278597888.0
544,JLL,0.2362,0.5982999999999999,367210,1.282843,8803707904.0
545,UNFI,0.2233,1.0192999999999997,388650,1.016666,2297842688.0
546,ABEV,0.0272,0.0669,37300780,0.909897,42178646016.0
547,MTC,0.0004,0.0844999999999999,471830,3.677379,5528912.0
548,KMB,0.1401,0.3827,1466500,0.507352,45187420160.0
549,BIOC,0.0513,0.1093,195860,0.483823,17347466.0
550,LUMN,0.1641,0.5053,8967680,1.019117,11068251136.0
551,VEON,0.0167,0.3833,1011770,1.620588,778012992.0
552,ONON,0.0374,0.1974,1587060,,5584138240.0
553,FERG,0.0687,0.2594,650150,1.054516,24496584704.0
554,FICV,0.0011,0.1695,22330,,436500000.0
555,BILL,0.1873999999999999,0.5656000000000001,1747740,2.199394,13320738816.0
556,MKSI,0.213,0.5254,702630,1.454901,5518715392.0
557,CMG,0.1707,0.4735,197490,1.308333,37681180672.0
558,FIF,0.0299,0.2672,26350,,234922944.0
559,ASTR,0.0557,0.2958999999999999,4880480,,369390432.0
560,LAC,0.0344,0.1198999999999999,2092420,1.429475,2614350080.0
561,UBFO,0.0743,0.5330000000000003,7760,0.715196,123324672.0
562,EME,0.2036,0.4899999999999999,432320,1.220098,5479416320.0
563,LVLU,0.019,0.4621,120330,,464895328.0
564,EGLE,0.1710999999999999,0.5908,507690,1.306372,608197248.0
565,LVRA,0.0029,0.3906,3140,,332324864.0
566,ACOR,0.0562,0.2502,562660,0.402941,4880798.0
567,BOLT,0.0969999999999999,0.6672,528780,,87991656.0
568,TTC,0.2155,0.9242999999999996,515900,0.731372,8166626304.0
569,ZVO,0.3358000000000001,0.8617999999999999,88680,1.077941,32455910.0
570,INVZ,0.0464,0.2307,904230,,544134592.0
571,WNEB,0.161,0.8168000000000002,22520,0.360784,168385776.0
572,TUSK,0.0426999999999999,1.2444999999999995,147770,2.196078,103171864.0
573,FNCH,0.0262,0.2285,142890,,125818560.0
574,AERI,0.1165,0.5481,748740,0.637254,402538752.0
575,SGEN,0.1599,0.6233000000000001,1682040,0.823039,32447797248.0
576,TRI,0.0186999999999999,0.2537,538250,0.32764,51849875456.0
577,DNLI,0.142,0.4924,621710,1.81064,4160832768.0
578,HZO,0.3091,0.6272,317830,1.725,860419584.0
579,IONS,0.2385999999999999,0.5919000000000001,990970,0.824509,5245951488.0
580,LEN,0.1593,0.5126999999999998,2896030,1.531862,23751778304.0
581,STRM,0.0448,0.2273,28320,0.768137,64736816.0
582,BEPC,0.0479,0.4623,719770,,6276318208.0
583,KRBP,0.0238,0.1483999999999999,2008000,,8745457.0
584,OCUL,0.1054,0.3896,514930,1.691176,343979776.0
585,GIW,0.0106999999999999,0.3651,3730,,272465056.0
586,FSEA,0.0025,0.0435,3010,0.728337,63249084.0
587,SMG,0.1318,0.3623,532980,1.12696,4452040192.0
588,FTHY,0.0104,0.193,102670,,531792448.0
589,SEAS,0.1159,0.7621,1338510,2.186764,3389961984.0
590,GTPB,0.0046,0.4101999999999999,22510,,564075008.0
591,AKTX,0.0005,0.0266,50420,1.348039,46645356.0
592,KNX,0.1554999999999999,0.4723,1620970,1.277941,8000786432.0
593,ELMD,0.0778,0.2302,6540,0.619607,83125504.0
594,RPM,0.1986,0.5036999999999999,744050,0.97696,10374685696.0
595,CNDA,0.0325,0.5357000000000001,273070,,337867712.0
596,NEXT,0.0291,0.6121999999999999,1071530,0.344021,638962752.0
597,DCBO,0.0526999999999999,0.2825,61200,1.419301,1002730752.0
598,ESTC,0.1258,0.4340999999999999,1473680,1.188499,7306310656.0
599,ZOM,1.3894,2.0667,24033850,0.35196,254674704.0
600,AAIC,0.0809,0.2664,57550,1.70147,100734080.0
601,RCS,0.0073,0.1586,112330,0.816176,
602,IMCR,0.0493,0.3135,287640,,1957540864.0
603,HQL,0.0058,0.1026,72040,0.894117,375206368.0
604,CEI,0.0727,0.1928,17201000,-2.545098,101250000.0
605,MU,0.1541,0.3703,24132430,1.155392,66246852608.0
606,TCOM,0.1036999999999999,0.6100000000000001,10065570,1.020098,16675849216.0
607,OCGN,0.1421999999999999,0.2417,6442140,4.506305,617476608.0
608,PLTR,0.0722999999999999,0.1921999999999999,44845090,,20389019648.0
609,LGIH,0.2315,0.5113,289590,1.55049,2376831744.0
610,LSPRU,0.1094,0.6703999999999999,130,,
611,PFG,0.1644,0.4574999999999999,1454080,1.522058,17738416128.0
612,MBIO,0.0924,0.2052,1587880,1.719369,59513512.0
613,CELU,0.0009,0.2145,852910,-0.032196,532129824.0
614,CHSCM,0.2881999999999999,0.0019,23060,,
615,NIMC,0.011,0.0197,7940,0.316666,
616,DORM,0.2082,0.4090000000000001,123760,0.772549,3508028160.0
617,AIO,0.0012,0.091,104010,,575860032.0
618,YCBD,0.2252,0.291,226980,1.472638,21560530.0
619,REPX,0.0195,0.4844,72130,,456573856.0
620,APTX,0.0407999999999999,0.4632999999999999,358970,1.090093,48423492.0
621,SITE,0.2018,0.5602999999999999,294080,1.30196,5552708608.0
622,KORE,0.0204999999999999,0.3055999999999999,431590,,223887024.0
623,VLY,0.2587,1.1306999999999994,3694320,1.116176,4289294848.0
624,ETWO,0.1241999999999999,0.7308,1764440,0.341377,2355015424.0
625,PHX,0.0517,0.2744999999999999,397950,0.812254,95285616.0
626,MYD,0.0071,0.0876,195230,0.42647,535822976.0
627,TPST,0.0471999999999999,0.6452,26660,,17275800.0
628,MGA,0.0745999999999999,0.2734,1021750,1.492726,16920363008.0
629,IGD,0.0149,0.1611999999999999,149650,0.929411,439980128.0
630,PPG,0.1609,0.4575000000000001,1715150,1.220588,27982454784.0
631,TSIBU,0.042,0.5237999999999999,4080,,
632,PEAR,0.0049,0.5386,251870,,227368352.0
633,LZB,0.2654999999999999,0.6027,535410,1.066666,1116966144.0
634,GAIN,0.0188999999999999,0.079,123640,1.552941,486785280.0
635,SIOX,0.0439,0.2300999999999999,746500,1.618627,30056880.0
636,MOLN,0.0114,0.036,15410,0.680919,232900128.0
637,PAGS,0.3933999999999999,0.5897,3403930,,3581154816.0
638,LRFC,0.0474,0.1704,21140,1.65196,47687720.0
639,DSM,0.0097,0.1185,171830,0.329901,319757088.0
640,PBT,0.0060999999999999,0.1361,249840,1.054901,708453760.0
641,VMAR,0.0037,0.0626,10630,,38793848.0
642,NOTV,0.0941999999999999,0.3783999999999999,246490,2.006372,273721600.0
643,KMPR,0.2361999999999999,0.5385999999999999,286090,0.712745,3183928064.0
644,MCY,0.0909,0.2366,747260,0.403431,2511619584.0
645,HELE,0.3312,0.6444,391860,0.822058,3704069376.0
646,CAT,0.1257,0.3662,3539790,,96882720768.0
647,AIKI,0.0544,0.0863,82340,1.470098,585617600.0
648,EQHA,0.0215999999999999,0.285,22950,,269500000.0
649,AMG,0.2251999999999999,0.6198,232200,1.35098,4864334848.0
650,CMRX,0.1215999999999999,0.413,5308900,1.342156,192834528.0
651,CNR,0.0940999999999999,0.7092,1399560,1.854411,3098676480.0
652,NKTR,0.5143,0.7303000000000001,4893540,1.272058,706853248.0
653,GGMCU,0.0538,0.4487,20,,
654,MA,0.105,0.3071,2819620,1.07745,317424861184.0
655,WVE,0.1138,1.1261,1281190,0.50147,245919840.0
656,SILV,0.1769999999999999,0.2996,806830,0.523086,823493760.0
657,GFL,0.0541,0.471,1179930,1.88172,8604976128.0
658,AKYA,0.0464,0.2725999999999999,195570,,522025440.0
659,GLTA,0.0083,0.3727,29670,,177711440.0
660,HSC,0.2517999999999999,0.5546,758710,1.981372,519576256.0
661,CRT,0.0001,0.0957,85490,0.710294,87300000.0
662,VIRX,0.0685999999999999,0.2948,647970,,169822000.0
663,HRB,0.2204999999999999,0.5385,1975420,0.661132,5948068352.0
664,INZY,0.0465,0.3677999999999999,321480,,202891328.0
665,DRVN,0.1106999999999999,0.1840999999999999,447200,,4723725824.0
666,SGRY,0.1605,0.8866999999999999,603110,2.804171,2788831488.0
667,JOE,0.5386000000000001,0.7592,179380,1.198382,2353554432.0
668,CRTD,0.0412,0.0745,194530,1.17369,16890802.0
669,JHG,0.1918,0.5747,1198280,1.473392,3965228544.0
670,CMRE,0.0651,0.1531,1053710,1.48361,1350828160.0
671,TAOP,0.0017,0.0076,40490,0.837803,16381253.0
672,GFS,0.0443,0.0972999999999999,2487800,,24076668928.0
673,TX,0.0083,0.1496999999999999,400680,1.563235,6794220032.0
674,BGB,0.075,0.3159,78140,,497114784.0
675,ZI,0.2665999999999999,1.0898000000000003,5825580,,14777903104.0
676,LMACA,0.0031,0.2850999999999999,94400,,707249984.0
677,CME,0.1988,0.4385,1239530,0.434803,75078451200.0
678,AVRO,0.1782,0.4265,717330,1.652496,45835124.0
679,NLITU,0.0018,0.1181,3390,,
680,QIPT,0.0098999999999999,0.1716,37920,1.850027,165536656.0
681,OSCR,0.0794,0.7169999999999999,3046250,,1041294464.0
682,RXDX,0.1379999999999999,0.5167,529510,,1194265216.0
683,PIPP,0.0205,0.3137,29730,,269711904.0
684,RGEN,0.1895,0.4094,389760,0.898529,9703132160.0
685,NVR,0.2287,0.4702999999999999,18580,1.021078,15222403072.0
686,SMBK,0.0908,0.2757,46700,0.712254,396529568.0
687,ARCK,0.0085,0.3337,80140,,216918752.0
688,RCON,0.0009,0.2483,117120,2.938235,19707884.0
689,MTAC,0.0964999999999999,0.512,69300,,308128128.0
690,MUDS,0.0177999999999999,0.4936999999999999,94550,,398474496.0
691,HCVI,0.0206999999999999,0.4749,485440,,
692,PIXY,0.0166,0.124,741170,1.491375,8002341.0
693,CLVR,0.0913,0.2326,229960,0.772558,29073494.0
694,DTE,0.2122,0.4399,888270,0.662745,24186816512.0
695,RMAX,0.2340999999999999,0.693,149610,1.40245,467007744.0
696,BABA,0.0139,0.0563,20427760,0.887254,328750071808.0
697,EXLS,0.2438,0.5157999999999999,250750,0.994607,5082355712.0
698,AUMN,0.0865999999999999,0.0929,349300,1.069117,55353696.0
699,RERE,0.0041,0.2115999999999999,281150,,630057024.0
700,ELY,0.1302,0.3941999999999999,1972460,1.924509,3954657792.0
701,NOK,0.0127999999999999,0.0583999999999999,27524740,0.595938,26257573888.0
702,WISH,0.0806,0.6102000000000002,18883680,,1048089984.0
703,MDXG,0.1043,0.4233,587010,1.916666,388018240.0
704,SAP,0.0068,0.0238,1288040,1.045964,107090059264.0
705,PRSR,0.0254,0.3215,51020,,400156256.0
706,VELO,0.0084,0.8236999999999998,32950,,281175008.0
707,ACIU,0.0046,0.1663,97710,,243386544.0
708,UTSI,0.0014,0.0757999999999999,9447,1.340196,122657320.0
709,JVA,0.0828999999999999,0.2191,15470,1.199019,14213844.0
710,VRPX,0.0331,0.3728000000000001,89270,,20852700.0
711,NCNA,0.0703999999999999,0.4001,77100,,37569600.0
712,FLAG,0.0692,0.5555,66890,,285774976.0
713,NWLI,0.157,0.6745000000000001,10390,1.041176,723931584.0
714,CNDT,0.1342,0.5431,1190100,1.87647,912886272.0
715,RDN,0.2115999999999999,0.4791,2233290,1.281862,3672739584.0
716,NOG,0.239,0.4187,1524270,2.238235,1872753280.0
717,ODFL,0.1973,0.4153,814040,1.033333,31400302592.0
718,CHRS,0.2333,0.6757,999850,1.047549,706425664.0
719,CGNX,0.1533,0.4599,1217780,1.644607,7909987840.0
720,BIOL,0.0021,0.0043,46150,1.403431,695891200.0
721,LAW,0.0846,0.5494000000000001,373850,,1442348800.0
722,ITRN,0.195,0.4845,44350,1.390196,501255680.0
723,INBX,0.1326999999999999,0.4427,573760,,653585088.0
724,OTMO,0.0389,0.2243,356930,,137481760.0
725,BIO,0.1191,0.3903,162670,0.908823,15464990720.0
726,ISAA,0.0058,0.4154000000000001,83950,,217542688.0
727,POST,0.1934,0.5655,412310,0.711274,5211556352.0
728,SWTX,0.1406,0.6378,1002210,0.778189,1435614208.0
729,RHE,0.0266,0.0569,8390,0.18079,4264364.0
730,ROVR,0.0039999999999999,0.0607,1742170,,721111808.0
731,TBSA,0.0055999999999999,0.4096000000000001,28650,,245000000.0
732,TKC,0.0069,0.0557,476590,0.634265,2261696768.0
733,KIII,0.0189,0.3566999999999999,16280,,356358752.0
734,NSSC,0.198,0.3832,106000,1.366666,824188928.0
735,DAIO,0.0729,0.3444,5690,,26847550.0
736,VBTX,0.2001,0.8443999999999996,455150,1.483823,1451779072.0
737,ETR,0.1788,0.4937999999999999,1280980,0.636764,22125996032.0
738,NKX,0.0015999999999999,0.1022,146830,0.261764,623466304.0
739,CLDX,0.2097999999999999,0.5821,1854560,2.77598,1247326080.0
740,NAACU,0.0134,0.1722999999999999,490,,
741,MAIN,0.0254,0.0791,444630,1.37745,2817423872.0
742,DILAU,0.0261999999999999,0.4886999999999999,170,,
743,EPAM,0.1544,0.4997999999999999,458130,1.811274,18208124928.0
744,NEPT,0.0196,0.0848999999999999,586360,1.600885,222531600.0
745,OGI,0.0842,0.1209,1448570,1.141682,328738176.0
746,EMN,0.1982,0.4794999999999998,1239000,1.484313,12125144064.0
747,JD,0.0307,0.1122,8562390,0.65,102495707136.0
748,AMPG,0.0296,0.1031,27070,0.745588,23380348.0
749,TROO,0.002,0.0065,5250,0.644607,229103504.0
750,RGS,0.1146999999999999,0.3215,1382760,2.518137,59434696.0
751,NEWR,0.1514999999999999,0.4964,793570,1.008333,3684641280.0
752,MMMB,0.0101999999999999,0.1015,20460,1.412254,49337484.0
753,MYTE,0.0688,0.1849,81610,,971655680.0
754,JBSS,0.2578,0.5179000000000001,52420,0.213725,860327232.0
755,MXE,0.0357,0.2986,5580,1.072058,34541648.0
756,YALA,0.0046,0.1036999999999999,239860,,587234368.0
757,OXLCP,0.0095,0.0055,4900,1.063235,
758,VTYX,0.0457999999999999,0.9806,288840,,700127296.0
759,DPZ,0.1722999999999999,0.5278999999999999,519130,0.619117,14593206272.0
760,TMHC,0.2444,1.2034000000000002,1090240,1.77745,3116515840.0
761,AIRC,0.255,0.6444,596400,,6489759744.0
762,MCBS,0.0786999999999999,0.1481999999999999,48500,0.264215,527638912.0
763,VGM,0.0368999999999999,0.2828,112220,0.256372,578041664.0
764,ORLY,0.1457999999999999,0.3569,555420,1.021078,44326903808.0
765,ITGR,0.2607,0.5666000000000001,147200,1.313725,2290851072.0
766,YQ,0.0043,0.3142999999999999,180920,,77917544.0
767,BHR,0.1181,0.329,723270,2.664705,288973440.0
768,LNT,0.1972,0.4538,1477930,0.423039,14355699712.0
769,DXR,0.0139999999999999,0.0225999999999999,1590,-1.104901,50867224.0
770,SCL,0.237,0.5695000000000001,100640,0.77745,2206835456.0
771,PAGP,0.2463999999999999,0.4563,3213300,1.85049,2050139648.0
772,EDRY,0.0042,0.1304,28830,0.217529,46845456.0
773,KMPH,0.7036000000000001,1.4339000000000002,595710,3.112254,169886304.0
774,VTSI,0.0712999999999999,0.2888999999999999,36200,0.946078,54251640.0
775,PPYAU,0.0073,0.0968,110,,
776,UROY,0.0978,0.0834,388290,1.458333,223940544.0
777,ERIC,0.0372,0.061,6280280,0.101015,25535563776.0
778,KFRC,0.1861999999999999,0.4831999999999999,146880,1.094117,1351432320.0
779,FRSG,0.0058,0.4114,53550,,272488032.0
780,XNET,0.0178,0.2118,142320,1.523039,116565384.0
781,ALNY,0.2104,0.6039999999999999,897270,0.846078,18237958144.0
782,SAVA,0.0959,0.2163,798240,0.566666,971607936.0
783,GLBE,0.0845,0.3312,1499220,,3691999232.0
784,CLOE,0.0012,0.6397999999999999,1070,,183382384.0
785,GTLS,0.2856,0.5845999999999999,435220,1.62598,6168890368.0
786,OHI,0.1922,0.419,1890060,0.917647,7040173568.0
787,LDHAU,0.0155,0.3053,125190,,
788,CIB,0.0659,0.1703,529060,0.996449,7059817472.0
789,TEKK,0.078,0.8280000000000002,122600,,309687488.0
790,MBCN,0.0632,0.2225,17350,0.785294,150097712.0
791,ALXO,0.1589,0.7213999999999999,430020,,394870112.0
792,HHS,0.0147999999999999,0.3326,160520,1.35,86504136.0
793,LMT,0.1420999999999999,0.4569999999999999,1141670,0.792156,115926638592.0
794,NUVB,0.1228,0.5532,1725030,,883903488.0
795,CLRM,0.0138,0.3067,38340,,353624992.0
796,TEO,0.0028,0.1383,92430,0.836467,1852173440.0
797,ENVA,0.2106,0.5809,252580,1.491666,1080620032.0
798,STNG,0.0807,0.2514999999999999,1479870,0.706372,1926777088.0
799,JOAN,0.1437,0.8925000000000001,236300,,333977888.0
800,WF,0.0003,0.0205999999999999,60340,0.523302,6586498048.0
801,AMOV,0.0001,0.0059,2980,0.318242,64032485376.0
802,EVK,0.0087,0.0119,6490,-0.640196,17624734.0
803,WRN,0.0984999999999999,0.2397,185390,2.729285,214518704.0
804,FICO,0.1786,0.4651,143690,1.172549,11459065856.0
805,SA,0.1226,0.2039,343980,0.726755,900598784.0
806,KNDI,0.0854,0.1548999999999999,207790,1.866176,198879712.0
807,TU,0.0487999999999999,0.293,1247290,0.538266,30200588288.0
808,BPYPO,0.5085,0.0009,25920,1.386969,
809,NTIP,0.051,0.2063,5260,0.348039,57839044.0
810,NISN,0.0019,0.2395,338580,1.118627,22969534.0
811,SJT,0.0009,0.1038,804480,0.814705,449774912.0
812,GLG,0.0001,0.0055,2034760,0.895098,35027112.0
813,FTNT,0.1274,0.3720999999999999,4296370,1.144117,10251450368.0
814,ERAS,0.1094,0.4838,416580,,812374976.0
815,ABT,0.1287,0.3576999999999999,5219800,0.733823,193203372032.0
816,CZFS,0.0052,0.0073,1270,0.50098,266770800.0
817,EPR,0.1959999999999999,0.5283,412180,1.691666,3631054080.0
818,EVF,0.0018,0.0596999999999999,35560,0.577941,94353368.0
819,STZ,0.1331,0.3931,1147400,1.198039,45406633984.0
820,HIX,0.0167,0.0755,237250,0.804411,297002112.0
821,DOW,0.1546,0.3530999999999999,5856210,1.483339,38001369088.0
822,CPSS,0.1125,0.4188,357580,2.444117,216004400.0
823,ABCM,0.0499,0.0951999999999999,114370,0.70016,3434297088.0
824,MAC,0.2401,0.5223,2650480,1.87549,1940776064.0
825,SRG,0.1918,0.4594,9052000,2.117647,478199040.0
826,ZWS,0.4482,1.0085000000000004,1167140,1.144117,3605308416.0
827,WIW,0.0168,0.6645000000000003,97760,0.518137,633255488.0
828,SLDP,0.0007,0.0788,2205890,,1023779392.0
829,VCYT,0.2999,1.3498,1072750,0.966666,1818703488.0
830,NEX,0.1759,0.5425,3844290,2.430392,1993824384.0
831,GEL,0.3853,0.6003000000000001,689280,2.293627,1005147776.0
832,GD,0.1461,0.5011,1263250,0.992647,61738999808.0
833,EUCRU,0.0648,0.2497999999999999,480,,
834,SLMBP,0.1249,0.0038,1330,1.234803,3676114176.0
835,DRI,0.3092999999999999,0.5537,1558950,1.406372,15156292608.0
836,VSCO,0.1947,1.2746000000000002,1860070,,2499205632.0
837,SBII,0.0043999999999999,0.3349,137920,,291171136.0
838,MSC,0.0702,0.2581,19650,-0.73153,189805808.0
839,YEXT,0.4579999999999999,0.9892,1770300,1.466956,658891200.0
840,BY,0.1076999999999999,0.2789999999999999,118450,1.290442,904319360.0
841,RRX,0.2074,0.5157,358890,1.187254,7656122880.0
842,LDOS,0.1727,0.4927999999999999,717140,0.75245,14262652928.0
843,CTLP,0.1419,0.5394,273740,2.031862,378260512.0
844,VRA,0.1993,0.8951,762010,1.762745,146726368.0
845,KRNT,0.1367999999999999,0.3983,2132550,1.868627,1216469248.0
846,INKAU,0.0064999999999999,0.1287,3090,,
847,HYFM,0.2135,0.4028,893340,,159824288.0
848,EXPR,0.1078999999999999,0.3127999999999999,2777580,1.397549,137638928.0
849,FT,0.0146,0.1205999999999999,32800,0.624019,187735280.0
850,CMPO,0.0938,0.4171999999999999,143100,,84289688.0
851,CSCO,0.119,0.3267,21195160,0.946568,183002087424.0
852,DGICB,0.0317,0.0829999999999999,290,0.057843,485124832.0
853,MRBK,0.0915999999999999,0.3571,5220,0.505982,177151968.0
854,BLKB,0.2617,0.5942999999999999,336270,1.072549,3059875328.0
855,WEN,0.1669,0.9168000000000004,2345060,0.934313,4308982272.0
856,NSYS,0.0052,0.0355,10010,1.257843,39314020.0
857,PTCT,0.2326,0.7501000000000001,821500,0.887745,3162317312.0
858,GO,0.3454,0.6590999999999999,1236470,-0.187927,4253553152.0
859,HTBK,0.1927999999999999,0.4569999999999999,147980,1.090686,659956480.0
860,HLT,0.1825999999999999,0.5105999999999999,2441880,1.259313,31102584832.0
861,HLLY,0.1700999999999999,0.2404,1309080,,1312081920.0
862,CCNC,0.0005,0.0102,59610,1.235884,26715504.0
863,FATBB,0.0776,0.0801,970,2.163841,108501056.0
864,PCT,0.0595,0.2738,1758850,,882676480.0
865,ITT,0.2502,0.6221,454950,1.562254,5804535808.0
866,XHR,0.2726,1.2447999999999997,729600,1.549019,1665167232.0
867,FFWM,0.1384999999999999,0.3499,177530,1.239705,1131293184.0
868,ORC,0.1099,0.1601999999999999,3122330,1.330392,507969856.0
869,PPBT,0.0011,0.0248,52210,1.978251,41473300.0
870,VSTM,0.1448,0.9028,3578550,0.940196,216801344.0
871,CBRE,0.1849,0.4913,1976680,1.375,25384415232.0
872,CYBR,0.1455999999999999,0.3579000000000001,322640,1.262745,5551647232.0
873,BLDE,0.2047,0.4171000000000001,1157640,-0.210455,335125792.0
874,SCAQU,0.0301,0.2388,710,,
875,FVCB,0.0811,0.2967000000000001,194970,0.302941,259366768.0
876,PRI,0.2081,0.5861000000000001,135970,1.406372,4807500288.0
877,XM,0.2196999999999999,0.9184,1670910,,8249140736.0
878,HDB,0.0166,0.0694,1620090,0.87794,110404804608.0
879,PRU,0.1264,0.3018,1632300,1.52696,36405178368.0
880,OSW,0.1937,0.6204000000000001,678740,3.058294,663073408.0
881,TXRH,0.1832,0.9393,967890,0.993137,5458775040.0
882,JFIN,0.0013,0.007,29880,1.181891,128033848.0
883,CSTM,0.2277999999999999,0.5801,1242620,2.295098,1830466688.0
884,NSA,0.1886,0.4774,1645390,0.567647,4553186816.0
885,DLY,0.023,0.1985,170750,,687542784.0
886,SNDX,0.1334,0.4882999999999999,596450,1.608823,1048652672.0
887,TTP,0.0086,0.1732,8570,2.278431,59139812.0
888,AQUA,0.166,0.4669999999999999,744610,1.823076,4140957696.0
889,HTGM,0.0384,0.2351,17019240,1.893137,11654350.0
890,TRNO,0.2206999999999999,1.1592,460140,0.733333,4222750464.0
891,HMST,0.2356,0.5317000000000001,152000,0.980882,720044480.0
892,SCI,0.1543999999999999,0.4638,911110,0.77598,11647733760.0
893,ALTR,0.1913,0.6293,393540,1.516239,4196988672.0
894,KEQU,0.1054,0.3467,5440,0.383333,47399892.0
895,AUBN,0.0375,0.0625,7230,0.486764,93059408.0
896,MUSA,0.1912,0.4273,343880,1.005392,6539798528.0
897,ALNA,0.0446,0.1347,104937220,1.925213,19635928.0
898,RGR,0.2164,0.4659,131530,0.382843,1117911936.0
899,UP,0.1254,0.9015,4455560,,508681792.0
900,TCPC,0.044,0.2739,216950,1.623039,746931200.0
901,AZEK,0.1581,0.5723,1622930,,2787768064.0
902,MDRX,0.2609,0.6784,1711720,0.981862,1798131200.0
903,GDEN,0.1679,0.415,231610,2.619117,1150935936.0
904,PXLW,0.0618,0.2453,219680,2.199509,103261352.0
905,AFL,0.1139999999999999,0.3888999999999999,2296490,0.933333,37210951680.0
906,LNW,0.1761,0.5762999999999999,1126090,1.867647,
907,MTB,0.1131,0.3708000000000001,1026040,0.918137,20450619392.0
908,LBRDK,0.1448,0.4387,937950,0.95245,20581244928.0
909,WRE,0.3076,1.3466000000000002,544080,0.887254,1729119744.0
910,RENN,0.0008,0.1225999999999999,117090,1.572549,692479296.0
911,RVNC,0.2218,0.4592,596180,0.998529,1102050176.0
912,ASIX,0.1908,0.4541999999999999,301280,1.797058,968879808.0
913,XPEV,0.1438,0.3723999999999999,10490050,,29235603456.0
914,NWG,0.0007,0.0048999999999999,3016220,1.445216,30185449472.0
915,AOS,0.1628,0.4213,1168520,1.166666,9067459584.0
916,PLAG,0.0019,0.0046,11030,-0.312254,29355068.0
917,AGNC,0.1238,0.2738,10101770,1.005392,5994449408.0
918,SCHW,0.1377,0.3547,6774220,0.998039,121679011840.0
919,ABMD,0.1769999999999999,0.5301,287100,1.325,12147832832.0
920,CARR,0.2622,0.5355,5639710,0.885856,31257720832.0
921,STCN,0.0765,0.4563,134620,0.722549,81590896.0
922,GGZ,0.0045,0.2076,14070,,101532792.0
923,YORW,0.2294,0.5015999999999999,51540,0.4,543054592.0
924,TWN,0.0287,1.6135000000000004,9410,,184854528.0
925,AEO,0.2238,0.6833,6629910,1.328431,1977936000.0
926,GBOX,0.0582,0.1108,675940,5.020341,39185124.0
927,GLEE,0.022,0.436,17690,,134320032.0
928,EMF,0.0141999999999999,0.4026,17640,0.916666,198508608.0
929,RLJ,0.2303,0.5918,1799330,1.912745,1869027584.0
930,KEN,0.0176,0.0561,85190,1.00577,2124991616.0
931,FCFS,0.2044,0.5377000000000001,236860,0.857843,3368141824.0
932,SPKAU,0.0051,0.2935,10,,
933,EQH,0.1926,0.5944,3011380,1.5498,10511850496.0
934,DLTH,0.0632,0.214,113840,0.847058,337898752.0
935,EPWR,0.0088,0.5252999999999999,57980,,339480000.0
936,BHIL,0.0336,0.0873999999999999,3614810,,592936512.0
937,NVS,0.0205,0.0448,1856650,0.546231,188989063168.0
938,TWNK,0.2932,1.0645,982380,0.67745,2952965120.0
939,ET,0.0605,0.2025999999999999,26610340,2.060294,31654430720.0
940,HAIN,0.1945,0.5034,2337520,0.735784,2158566144.0
941,NVGS,0.0237,0.1317,107680,2.156862,825071296.0
942,SBS,0.0217,0.1059,1995070,0.782956,5495420416.0
943,HAPP,0.0002,0.0147999999999999,791800,0.637374,7352385.0
944,PRTY,0.1548,0.5224,2563950,3.609313,157114992.0
945,LEGA,0.0018,0.5698000000000001,66250,,422625024.0
946,ESEA,0.0052,0.0233,42530,0.456862,168226336.0
947,SCLE,0.0465,0.3555,51600,,423487488.0
948,SMAR,0.2201,0.4221,1914290,1.5655,4320975872.0
949,BCOW,0.0049,0.2063999999999999,2020,0.650185,65307976.0
950,ESAC,0.0049999999999999,0.3579999999999999,26410,,
951,MMU,0.0322,0.1752,81840,0.166176,471842752.0
952,GLHAU,0.0052,0.4048,130,,
953,COMS,0.0163999999999999,0.0559999999999999,6400950,0.838664,14524098.0
954,ACEV,0.006,0.0349,26360,,290375008.0
955,BWFG,0.0066999999999999,0.0260999999999999,119820,0.755882,247127264.0
956,MAXR,0.1744,0.403,496490,1.260784,1906661376.0
957,VRNA,0.0126,1.0721999999999998,36960,0.602026,254444080.0
958,TTI,0.1752,0.6474999999999999,1515110,2.985294,506490592.0
959,ACRX,0.0533,0.1934,5984680,0.669117,36332636.0
960,TAL,0.0735,0.3549,7396960,0.099509,3024492032.0
961,HAL,0.2086,0.4545,12288260,2.439215,26710261760.0
962,RDY,0.0125999999999999,0.0726,205910,0.147802,9229840384.0
963,SYN,0.0392,0.0628,859910,1.689705,31360212.0
964,RAAS,0.0027999999999999,0.0252,290770,,156151504.0
965,CRKN,0.0161,0.0650999999999999,12360,,17084492.0
966,KSI,0.0112,0.4627,15210,,213500000.0
967,AXTI,0.1567,0.3672999999999999,154670,2.117156,257907328.0
968,GDS,0.0619999999999999,0.3214,1000290,0.954901,6275295744.0
969,SYBT,0.1337,0.3271,165630,0.759313,1671082880.0
970,HURN,0.1891,0.5378000000000001,239390,0.856372,1397246976.0
971,AVGOP,0.4354,0.6574999999999999,12740,1.02696,
972,XPDBU,0.0246,1.0675000000000003,240,,
973,WINT,0.0652,0.2393,157930,0.029411,12749274.0
974,FRGI,0.2741,0.8044,290710,2.165196,182768256.0
975,YUMC,0.2769999999999999,0.8618999999999997,5906940,0.714215,20682815488.0
976,KXIN,0.0011,0.0051,465070,,146415264.0
977,MLP,0.0306,0.179,6710,0.723039,190233872.0
978,TR,0.1047,0.4438,153820,0.003431,2360506624.0
979,INSG,0.0899,0.3785,514890,1.548039,216559552.0
980,AMPY,0.063,0.2298,1289170,3.619011,238405456.0
981,GNSS,0.0963,0.3718999999999999,47870,0.498039,119479208.0
982,VGR,0.2398,0.9259,660470,1.056862,1558065152.0
983,ACII,0.0127999999999999,0.2357999999999999,87030,,423056256.0
984,LULU,0.1765999999999999,0.4712,1252430,1.333823,37935034368.0
985,NG,0.1536,0.3905999999999999,1971770,0.361796,1482600704.0
986,EDSA,0.0157999999999999,0.026,67300,1.393158,25280156.0
987,PMT,0.258,0.4923999999999999,1386170,1.097549,1451220352.0
988,DWSN,0.0537999999999999,0.3081,12350,1.324509,32628582.0
989,HSDT,0.0453,0.3139999999999999,29980,0.859313,5348094.0
990,FBP,0.2683,0.5742,1666800,1.204411,2792658944.0
991,PM,0.1789,0.3971999999999999,4778990,0.789705,146170757120.0
992,SOFO,0.0446,0.0184,10620,-0.156372,16553556.0
993,BLUA,0.0001,0.428,71620,,361496992.0
994,ETD,0.1915,0.4772999999999999,267690,1.05245,535259424.0
995,EFC,0.2,0.4164999999999999,611650,1.95,885535168.0
996,SSBK,0.0276,0.4648,6690,,202699216.0
997,BRZE,0.098,0.5526000000000002,764990,,4194671360.0
998,IGI,0.0095,0.133,20210,,184453040.0
999,GOCO,0.1026999999999999,0.6053000000000001,1975250,,185208864.0
1000,CPS,0.3957,0.654,580070,3.087254,85975472.0
1001,CRXT,0.0067,0.1711,3193160,,9884214.0
1002,CGRN,0.0481,0.1421,61880,2.182843,38527344.0
1003,PSO,0.0044,0.0194,409430,0.36451,7083666432.0
1004,CLW,0.3015,0.6076999999999999,99890,1.237254,560092928.0
1005,UNAM,0.0630999999999999,0.3750999999999999,1110,0.012745,9867040.0
1006,STK,0.0083,0.0886999999999999,41220,,419131456.0
1007,K,0.1281,0.5427,2888520,0.568627,24738238464.0
1008,FOCS,0.2248,0.7212999999999999,494590,1.232183,2369590784.0
1009,CYRX,0.2467,0.4618,512640,1.052941,1794022272.0
1010,POOL,0.1569999999999999,0.4225000000000001,449560,0.890196,15161681920.0
1011,BLND,0.0163,0.5070000000000001,4094780,,687418944.0
1012,DSL,0.0303,0.1364,395040,,1280062336.0
1013,FACA,0.0003,0.337,76560,,402499712.0
1014,AGRI,0.0012,0.0084999999999999,480750,,33729696.0
1015,XFOR,0.0374,0.9240999999999998,452550,0.131846,31502576.0
1016,DBD,0.2117,0.5085000000000001,2473830,2.915196,245252080.0
1017,ATKR,0.2013,0.4643,636340,2.358823,4170253568.0
1018,PIII,0.0883,0.4644,300190,,160078768.0
1019,DRH,0.2809,0.6463,2119730,1.715686,1748146048.0
1020,AGGR,0.0094,0.3582,60090,,379362496.0
1021,MYNA,0.0277,0.0682,12400,,156399648.0
1022,PTN,0.0508,0.0715,625310,0.913235,67090044.0
1023,WEL,0.0005,0.0407,80430,,
1024,MEI,0.2631,0.6124999999999999,271320,1.186764,1339071616.0
1025,MICT,0.0494,0.0838,226760,0.892647,74624744.0
1026,KD,0.1225,0.2519,3066440,,2299635456.0
1027,NAUT,0.0224,0.3525,743020,,388642720.0
1028,AIP,0.0638,0.1542,206310,,245663520.0
1029,DKNG,0.1359,0.3624,16742250,1.881733,5179153920.0
1030,LBC,0.0382,0.1,43130,0.784666,652305088.0
1031,HOMB,0.1473,0.3446999999999999,1787930,1.303431,3522689024.0
1032,LOVE,0.3122,0.5548000000000001,352140,2.438377,
1033,TECH,0.1907999999999999,0.8779999999999997,219150,1.210294,14536510464.0
1034,HSBC,0.002,0.0078,2620420,0.584179,128227115008.0
1035,SDACU,0.0059999999999999,0.1737,6300,,
1036,HIFS,0.0973,0.2754,5440,0.927941,632822144.0
1037,IRWD,0.2760999999999999,0.7157999999999999,2644630,1.184313,1945798528.0
1038,FN,0.2648999999999999,0.5464000000000001,206930,0.928921,3066242304.0
1039,FUTU,0.0835,0.2693,3387680,0.850547,7541874176.0
1040,ADT,0.0534999999999999,0.8362000000000002,2290450,2.079398,5527951872.0
1041,BLE,0.0092,0.135,151330,0.32598,557746752.0
1042,BRN,0.0243999999999999,0.0957,65440,0.466176,22480576.0
1043,BANX,0.0005,0.2569999999999999,11000,0.702941,129513336.0
1044,SMED,0.1435999999999999,0.3165,344670,-0.220588,57879892.0
1045,MELI,0.1764,0.4065,594790,1.505882,35756761088.0
1046,PECO,0.0875999999999999,0.2120999999999999,1074760,0.033767,4044360704.0
1047,APG,0.1476,0.4579999999999999,984100,1.280312,3505691392.0
1048,CPSI,0.2202,0.5105000000000001,63400,0.673529,480467520.0
1049,NRDY,0.1292,0.9786,1238800,,213882000.0
1050,CYTO,0.0035,0.0423,650970,1.402941,7494880.0
1051,AGAC,0.0046999999999999,0.396,23920,,507662336.0
1052,PANL,0.024,0.4202,276300,0.515196,225924928.0
1053,EQ,0.1345999999999999,0.3390000000000001,49950,1.224295,67599072.0
1054,BWA,0.1800999999999999,0.449,2068790,1.416666,8260111360.0
1055,VLN,0.0001,0.6371000000000002,106520,,392376800.0
1056,USCB,0.0332,0.8979999999999998,150410,,214137168.0
1057,TCBK,0.1772,0.7593999999999999,172260,0.553921,1381431808.0
1058,THRY,0.1810999999999999,1.4287999999999998,455540,0.843222,777832832.0
1059,EXP,0.2089999999999999,0.4895,547030,1.304411,4555476992.0
1060,SSSS,0.0521,0.1426,121900,1.449509,193696128.0
1061,RBKB,0.0118999999999999,0.1476999999999999,1040,,104472808.0
1062,STAA,0.1644,0.6340000000000001,418610,0.990686,3804691968.0
1063,CCJ,0.1311,0.2532999999999999,5191470,0.795066,8862613504.0
1064,CENT,0.2974,0.6559999999999999,85640,0.578431,2181816064.0
1065,ALEX,0.2706999999999999,0.5556999999999999,294220,1.306862,1288858112.0
1066,ESQ,0.1345,0.4109000000000001,151280,0.974358,274034336.0
1067,FMIV,0.0148,0.3969,83580,,420578144.0
1068,GSMG,0.0007,0.1154,78660,-2.630543,59947712.0
1069,RNLX,0.0174,0.1538999999999999,252600,1.481387,98431200.0
1070,SLHG,0.0055,0.0108999999999999,45000,2.302985,18338956.0
1071,VPG,0.1595,0.8921000000000001,34270,1.42647,391750368.0
1072,FBIZ,0.1324,0.3692,143970,,261945168.0
1073,CECE,0.1798,0.5204,481300,1.210784,221300224.0
1074,RCOR,0.024,0.4104999999999999,14430,,34339440.0
1075,WHLR,0.0389,0.5385000000000001,45230,3.031862,23847786.0
1076,YRD,0.0147999999999999,0.0336,11550,0.532352,146132160.0
1077,FDX,0.1703999999999999,0.3652999999999999,3077950,1.316666,61072703488.0
1078,TRHC,0.34,1.0781000000000005,573470,1.324509,66868616.0
1079,ARMK,0.2361,0.6013000000000001,1383840,1.884313,7832410624.0
1080,SRAX,0.0525999999999999,0.173,101380,1.869117,68771872.0
1081,TURN,0.0039,0.5049000000000002,7820,1.047058,62502144.0
1082,ATNF,0.0372,0.0877,109110,-0.294172,34013096.0
1083,ING,0.0006,0.0249,4672220,2.038482,36171587584.0
1084,SCOAU,0.0044,0.0809,4720,,
1085,WMT,0.0556,0.2928,6487270,0.55098,347844575232.0
1086,IMUX,0.0838,0.3229999999999999,393090,1.625813,112872424.0
1087,MESA,0.1401,0.309,769720,2.759669,76603328.0
1088,RVLV,0.2203999999999999,0.5830000000000001,1393870,2.315492,2117010304.0
1089,CLBK,0.054,0.113,209160,0.345402,2384296704.0
1090,ENR,0.2325,0.4948999999999999,548460,1.109313,1896495488.0
1091,DFH,0.1487,0.3389999999999999,516280,,1130612864.0
1092,ST,0.2027,0.5397000000000001,1209600,1.320588,6587722240.0
1093,CANG,0.0052999999999999,0.3264,165600,0.999233,329856032.0
1094,DOX,0.1872999999999999,0.4611999999999999,673770,0.745588,10402198528.0
1095,BLFS,0.2014,0.5175,629460,1.75147,729653696.0
1096,TXT,0.2271,1.129,1143780,1.710784,13459149824.0
1097,RADA,0.1007,0.5471,1184140,0.820588,461563712.0
1098,FCBC,0.1220999999999999,0.3076,34130,0.538725,500472896.0
1099,JCIC,0.0402,0.3052,52340,,424350016.0
1100,DHCAU,0.0231,0.2126999999999999,2930,,
1101,TPB,0.1687,1.0750999999999995,194280,0.480392,515238336.0
1102,NDAC,0.0136,0.3648,81790,,432326400.0
1103,APOG,0.3288999999999999,0.7088000000000001,271900,1.153921,976145984.0
1104,ASR,0.0686,0.1576999999999999,64680,0.878828,5835083264.0
1105,FSM,0.1635,0.2126,4929180,1.246046,796169024.0
1106,UMC,0.0121,0.0626,10280200,1.024411,16809663488.0
1107,WLK,0.0658,0.2871,810070,1.290196,12401290240.0
1108,WDI,0.0409,0.2851999999999999,149560,,
1109,MOR,0.0024,0.0146,40510,0.850881,798899392.0
1110,VIAO,0.0781999999999999,0.4439000000000001,38630,,41002832.0
1111,TARA,0.0547,0.5226,77310,1.693731,38201380.0
1112,SEMR,0.1143999999999999,0.4067,251180,,1782242048.0
1113,JAMF,0.1077,0.8297999999999999,619370,,3311831808.0
1114,ALRM,0.2835999999999999,0.6060000000000001,181230,1.220098,3258431232.0
1115,VUZI,0.2174999999999999,0.7125,991870,2.40196,461329824.0
1116,CLEU,0.0034999999999999,0.0169,475670,,7384283.0
1117,MDJH,0.0004,0.0016,52370,0.047383,25615388.0
1118,IKNA,0.2169999999999999,0.8604999999999999,539150,,223248192.0
1119,TMPM,0.0032999999999999,0.9574000000000004,61720,,125204920.0
1120,XAIR,0.0381,0.2715999999999999,1819450,-0.545121,291974400.0
1121,AGNCN,0.3204,0.0012,56150,1.005392,7737951232.0
1122,RLI,0.1918,0.5241,176460,0.436274,5235693568.0
1123,FRLAU,0.0141,0.3872999999999999,0,,
1124,SR,0.2409,0.4651,327120,0.334803,3693854208.0
1125,AVXL,0.1319,0.2315,874500,0.72598,971511232.0
1126,QS,0.0713,0.2055,6221210,,4213282304.0
1127,ARBK,0.0045,0.016,104110,2.904138,215317712.0
1128,MGY,0.2034999999999999,0.5667,3369460,2.261538,3672400640.0
1129,OWLT,0.0308,0.3935,448070,,215608192.0
1130,LFST,0.0945,1.2247,1112640,,2257167872.0
1131,PCB,0.0759999999999999,0.2494,213290,0.755214,277206400.0
1132,CRU,0.0111,0.3906,14410,,318719040.0
1133,OYST,0.0586,0.6687000000000001,277560,0.793863,121345320.0
1134,BKCC,0.0049,0.1641,230100,1.500638,284511328.0
1135,PMD,0.1066999999999999,0.2653,10390,0.647083,35529452.0
1136,GLDD,0.2332,0.5488,223190,0.744146,810622464.0
1137,CCRD,0.2095999999999999,0.3473,129900,0.932737,204786256.0
1138,CRTO,0.0949,0.5952999999999999,156580,0.927628,1428006400.0
1139,CRNC,0.2822999999999999,0.5462,513440,2.754554,1034125056.0
1140,ALC,0.0810999999999999,0.2335999999999999,685120,0.619528,35276181504.0
1141,CPA,0.2540999999999999,0.7231000000000001,437210,1.404427,2607607296.0
1142,TXMD,0.0803,0.1915,945170,1.951468,83520880.0
1143,TZOO,0.0846999999999999,0.2687,36770,1.543635,79731416.0
1144,BELFA,0.3576,0.3317000000000001,1110,1.556832,232437840.0
1145,ROLLP,0.3424999999999999,0.6342,4810,1.340196,
1146,XFIN,0.0021999999999999,0.6117000000000001,5520,,286924992.0
1147,OCN,0.1017,0.4246999999999999,192440,1.999509,266637728.0
1148,DDS,0.1066,0.6197,229100,0.889705,4033762560.0
1149,WE,0.0512,1.4413000000000002,4880920,,4082301952.0
1150,ARCB,0.2387,0.5331,244850,1.596078,1949071616.0
1151,AEMD,0.0523999999999999,0.0926999999999999,1317080,0.665196,15859219.0
1152,LICY,0.0404999999999999,0.1519,3043950,,1081883392.0
1153,VERA,0.0143999999999999,0.1057,91800,,312567936.0
1154,MXCT,0.1538,0.4503,673430,1.196686,501409184.0
1155,GFI,0.0885,0.1668,8038090,0.374167,8317114880.0
1156,VOR,0.0948,1.4702,321720,,205838032.0
1157,ATIP,0.0163,0.7898,1267620,,321524032.0
1158,LTRN,0.0404,0.1252,28990,,64777360.0
1159,SAR,0.0030999999999999,0.1456,30120,1.570588,271618720.0
1160,NBIX,0.1712,0.4934999999999999,746960,0.70147,9066411008.0
1161,EML,0.2229,0.5302999999999999,5460,0.990196,133786832.0
1162,DBRG,0.2067999999999999,0.4064,7666140,1.90245,2899797248.0
1163,COCO,0.071,0.1331999999999999,497560,,612328256.0
1164,ABC,0.1112,0.3241,1498390,0.463725,29669359616.0
1165,LDHA,0.0041,0.3702,102590,,282037504.0
1166,ELS,0.1828,0.5216,1110050,0.639215,13314516992.0
1167,FRLA,0.0028,0.2905999999999999,0,,129615056.0
1168,AENZ,0.0011,0.0438,1070,0.788726,205685920.0
1169,CVM,0.0916999999999999,0.2223,758640,1.921668,200175824.0
1170,VIRI,0.0347,0.1303,12920,,38819616.0
1171,LECO,0.205,0.4367999999999999,312660,1.142613,7237805568.0
1172,PG,0.1146999999999999,0.2981,7182150,0.386121,347946516480.0
1173,PDCE,0.2382,0.5155,3057050,2.740315,5871980544.0
1174,VKQ,0.0306999999999999,0.2859,132500,0.316304,571062336.0
1175,FSP,0.2953,0.6026,635300,0.812745,397180064.0
1176,CPK,0.2661,0.5122999999999999,102020,0.540196,2206158336.0
1177,NVSA,0.0083,0.3002,82030,,338789984.0
1178,FHB,0.2773,0.6193,850980,1.085294,2964125184.0
1179,CCI,0.2055999999999999,0.4522,1639160,0.575,74079592448.0
1180,NIE,0.0093,0.1664,98720,,600731136.0
1181,PYXS,0.0354,0.4385,367420,,90428360.0
1182,ISSC,0.0615999999999999,0.1971,17380,1.113725,119517552.0
1183,MGTA,0.0703,0.5455,538240,1.992979,122256776.0
1184,BHK,0.0101999999999999,0.1394,193230,0.42745,609192576.0
1185,CANO,0.1889999999999999,0.5453,6614420,,1093290752.0
1186,CYTK,0.24,0.6117,2903470,1.356862,3924325376.0
1187,FUNC,0.0927,0.2405,10740,0.792156,119056736.0
1188,ATLC,0.062,0.1401,48090,1.580392,585186624.0
1189,HTGC,0.0362,0.1025,936170,1.388235,1655037696.0
1190,TMAC,0.0045,0.7126,45880,,281750016.0
1191,PRPC,0.0112,0.3742,97850,,544828160.0
1192,UNH,0.1375,0.8374,4557850,0.87745,488472182784.0
1193,TLK,0.0078,0.0696,209520,0.206835,26261389312.0
1194,PFL,0.0075,0.0686,179550,0.716176,308871808.0
1195,SEM,0.2895,0.5721999999999999,911900,1.329411,3444843520.0
1196,PCVX,0.1638,0.6724,470840,,1258924672.0
1197,ARGUU,0.0247,0.4889,42730,,
1198,USWS,0.0171999999999999,0.8677999999999998,1176630,1.38127,45943940.0
1199,UL,0.015,0.0716,2530090,0.172634,118534266880.0
1200,ROCAU,0.0063,0.4198,890,,
1201,RYTM,0.2998,0.7246,987130,1.451977,
1202,UFPT,0.2294,0.9787,65260,0.971078,602813248.0
1203,HIIIU,0.0291,0.1684,3480,,
1204,DERM,0.0026999999999999,0.1419,5920,,58142004.0
1205,TPIC,0.1657,0.8714,540030,1.549509,495635264.0
1206,APTM,0.0007,0.0808999999999999,1110,,350921728.0
1207,ROST,0.1815,0.4892999999999999,3924250,1.070588,26662281216.0
1208,CRBP,0.1916,0.31,561700,1.90147,37644436.0
1209,VET,0.0521,0.2541,3282580,3.540164,3260606976.0
1210,LEDS,0.0011,0.0433,24620,1.018627,11282737.0
1211,AHPAU,0.0229,0.2034,6290,,
1212,ABCB,0.2344,0.5373,455730,1.194607,2870363136.0
1213,CMLS,0.1822,0.4888999999999999,383350,1.905616,158487424.0
1214,OBLG,0.0206999999999999,0.5264,188400,2.475609,9047577.0
1215,ATA,0.0015,0.3732,1090,,149930000.0
1216,FDBC,0.1025,0.1888999999999999,59050,0.308333,224924288.0
1217,WLFC,0.1003,0.5726000000000001,40990,1.235294,221390640.0
1218,NMAI,0.0242,0.1134,94850,,
1219,FULT,0.2014999999999999,0.4435,1309270,0.741666,2355038464.0
1220,HPX,0.0059,0.4368,48290,,315733952.0
1221,BMO,0.0367,0.2514,507530,1.157495,63192289280.0
1222,NLY,0.1178,0.2596,30979880,1.203921,8874733568.0
1223,TIRX,0.0001,0.0238,108200,,
1224,TRMB,0.1679,0.8302,1173940,1.580392,15000238080.0
1225,V,0.1139,0.7178,5022310,0.921568,
1226,KALV,0.17490000000000003,0.6003000000000001,220040,1.65134,268068512.0
1227,LITB,0.0003,0.07980000000000002,101590,0.397616,128865600.0
1228,INVA,0.22190000000000001,0.6378,964390,0.500212,1020736000.0
1229,INNV,0.055700000000000006,0.1195,154370,,617993984.0
1230,MQT,0.03900000000000001,0.1657,51810,0.238825,270346240.0
1231,ELAN,0.2191,0.5488,4363990,0.811589,9681040384.0
1232,TGA,0.053799999999999994,0.23699999999999996,1222220,2.362281,231135968.0
1233,JSPR,0.0165,0.5477000000000001,39380,0.787745,89009304.0
1234,FLS,0.28509999999999996,0.5788000000000001,836140,1.546189,3729901568.0
1235,IOR,0.0051,0.0087,170,0.209876,53772488.0
1236,KWR,0.22259999999999996,0.5412999999999999,82230,1.345679,2499096320.0
1237,DYNT,0.020200000000000003,0.09060000000000001,15430,0.105151,12103689.0
1238,ASRT,0.0694,0.1615,1064950,1.493827,158790080.0
1239,HAYN,0.3327,0.7128,60390,1.355896,373022464.0
1240,ANTX,0.0036999999999999993,0.4552,81590,,159490192.0
1241,RDCM,0.014599999999999998,0.22660000000000002,4150,1.032779,163254976.0
1242,PPC,0.0353,0.09320000000000002,908620,0.933588,7176253952.0
1243,KIO,0.0173,0.16149999999999998,116300,,260041104.0
1244,EVBN,0.10899999999999999,0.41459999999999997,14700,1.086764,182919792.0
1245,EQD,0.04619999999999999,0.45860000000000006,43530,,513360000.0
1246,SBEV,0.0076,0.009999999999999997,523200,1.838551,90679984.0
1247,CHX,0.22329999999999997,0.4953000000000001,2633630,3.006374,3720108544.0
1248,NSC,0.1321,0.37660000000000005,962100,1.378921,55115206656.0
1249,RPRX,0.12949999999999998,0.4335,2581570,,18370185216.0
1250,AZYO,0.0076,0.34730000000000005,8950,,83520976.0
1251,OLO,0.2399,0.822,2221080,,1673317120.0
1252,PDM,0.20120000000000002,0.4933,864090,0.957843,1565230976.0
1253,ALRS,0.1139,0.40469999999999995,24640,0.722549,396990848.0
1254,STAB,0.015999999999999997,0.043800000000000006,989820,,9256342.0
1255,MAG,0.1812,0.303,463330,1.068311,1083273856.0
1256,MYFW,0.05569999999999999,0.32889999999999997,136810,0.714176,264616144.0
1257,KVSA,0.0504,0.3981,102360,,395182400.0
1258,ZEUS,0.4976000000000001,1.0810000000000002,73070,1.630882,269233792.0
1259,EQIX,0.16199999999999998,0.41409999999999997,527870,0.455882,58407022592.0
1260,GOF,0.0141,0.17449999999999996,432060,,878636736.0
1261,CHK,0.21690000000000004,0.6776,3706140,,9159563264.0
1262,HOFT,0.23159999999999997,0.5784,244540,0.880392,191352912.0
1263,WB,0.0678,0.6786999999999999,1187850,0.911274,4872476160.0
1264,TOL,0.24209999999999998,1.0383999999999998,1369040,1.587254,5847089152.0
1265,SVT,0.08660000000000001,0.1007,1130,0.794607,26559956.0
1266,INTA,0.09169999999999999,0.7948999999999999,96580,,970946496.0
1267,AAME,0.0329,0.05149999999999999,9690,0.163725,61135800.0
1268,DOLE,0.0803,0.2398,444410,,832076608.0
1269,BBQ,0.047900000000000005,0.6497999999999999,12900,1.821078,114680968.0
1270,TAP,0.21250000000000002,0.5219999999999999,1431000,0.95196,12118321152.0
1271,PFIE,0.13349999999999998,0.3403,124320,1.204901,61575424.0
1272,BC,0.19290000000000002,0.4170999999999999,569620,1.62696,5306083328.0
1273,HEI,0.1838,0.3821,299360,1.12696,16859886592.0
1274,PBBK,0.006,0.0626,2250,,36104248.0
1275,BLD,0.2897,0.5701,230260,1.541176,5850461184.0
1276,ABTX,0.1859,0.3927000000000001,92400,0.920588,791697216.0
1277,IBA,0.0022,0.0274,10860,,2050000000.0
1278,TRN,0.2983,1.203,819340,1.294607,2159713024.0
1279,PBFS,0.0441,0.19060000000000002,17760,0.485558,253542352.0
1280,MBNKP,0.0022,0.0455,1610,,
1281,BXSL,0.0032,0.08230000000000001,698330,,3830028800
1282,UAN,0.0009000000000000001,0.44000000000000006,110120,1.708823,975629888
1283,IPI,0.11280000000000001,0.2657,480460,2.130392,534766496
1284,TRTL,0.015099999999999999,0.9508,47650,,417018752
1285,AIH,0.0008000000000000001,0.025399999999999995,19190,-0.575322,53095276
1286,LGSTU,0.023600000000000003,0.4921,465,,
1287,IMMR,0.1764,0.2794,181150,1.758333,182962928
1288,KRP,0.08480000000000001,0.2564,292760,1.704411,1000809984
1289,SNAP,0.1447,0.40159999999999996,27138550,1.090196,22859159552
1290,NXP,0.015,0.2317,116480,0.15098,237038000
1291,PRVA,0.07909999999999999,0.45389999999999997,1144210,,3444710400
1292,ALPP,0.0537,0.08099999999999999,501260,10.663235,119027680
1293,ACHR,0.15460000000000002,0.2576,4114900,,713179712
1294,BLBX,0.0026,0.010000000000000002,128820,0.153431,17578408
1295,ROSS,0.0141,0.3239,19280,,422625024
1296,ITRG,0.1104,0.27540000000000003,63960,0.724857,53586180
1297,AIRT,0.0329,0.10640000000000002,3640,1.290686,44178760
1298,SDPI,0.016400000000000005,0.06820000000000001,113850,-0.02549,24816976
1299,BJ,0.2171,0.5546,3560870,0.480499,9255137280
1300,GLW,0.13140000000000002,0.3594,4763070,0.948529,27825367040
1301,JAZZ,0.16949999999999998,0.4498,476460,0.872058,9624295424
1302,APXI,0.0011,0.1026,97830,,
1303,ATRA,0.18320000000000003,0.6740999999999999,1363720,1.810294,701355712
1304,SBLK,0.026799999999999997,0.40429999999999994,2541240,0.867647,2271772672
1305,KNBE,0.2032,0.9601999999999998,1824330,,2886611712
1306,AVTX,0.0558,0.6366,100075,1.908333,526209824
1307,NIQ,0.0063999999999999994,0.20330000000000004,22710,,171048128
1308,GEEX,0.0059,0.09910000000000002,50050,,
1309,LI,0.0341,0.14220000000000002,17640540,,38918164480
1310,FANH,0.019299999999999998,0.22039999999999998,32420,0.527941,276527200
1311,LAB,0.21789999999999998,0.5146,2069220,1.137745,
1312,AAN,0.232,0.5895999999999999,322030,,483109728
1313,OFS,0.023899999999999998,0.09840000000000002,87730,1.888235,138349888
1314,DLPN,0.05119999999999999,0.15609999999999996,34590,2.120588,33730712
1315,UBCP,0.031,0.1376,4370,0.434313,91378392
1316,HVBC,0.015300000000000001,0.12769999999999998,680,0.60147,46708628
1317,BBU,0.0012000000000000001,0.8259000000000001,25190,1.469117,1522192896
1318,TMX,0.29050000000000004,1.1351999999999998,815280,1,5075392512
1319,AACG,0.0001,0.011300000000000001,11690,0.819607,42045048
1320,PBTS,0.0124,0.023,4652760,0.842589,37129320
1321,PTPI,0.011499999999999998,0.0615,518950,,17952190
1322,DLO,0.06939999999999999,0.3663,1171560,,7790214656
1323,PRSO,0.017400000000000002,0.055600000000000004,20360,,36346808
1324,ADES,0.0746,0.2934,67840,0.520588,85270248
1325,CLDT,0.2823,0.5636000000000001,253980,1.881862,524258144
1326,CRDL,0.053700000000000005,0.08870000000000001,99680,1.032907,72341856
1327,YTEN,0.06940000000000002,0.3545,46090,1.333823,11569984
1328,THMO,0.0235,0.07149999999999998,9537060,2.996568,2918391
1329,CAG,0.20329999999999998,0.5141,4659120,0.756372,17040987136
1330,SNP,0.005,0.020200000000000003,195680,0.965793,70154395648
1331,DSGN,0.07890000000000003,0.5164,295450,,941809536
1332,GAMC,0.0055000000000000005,0.4294,24020,,
1333,CTRE,0.2572,0.5566000000000001,728370,1.17696,1815483648
1334,BORR,0.0016,0.032900000000000006,3797780,3.733832,514375424
1335,PLYM,0.1981,0.4298,269070,1.316083,611479168
1336,LTRX,0.09490000000000001,0.20520000000000002,81050,2.280392,179281024
1337,FXLV,0.0635,0.3897999999999999,615950,,319204960
1338,IIIIU,0.0034999999999999996,0.1334,200,,
1339,ACB,0.08520000000000001,0.1152,8765200,3.075268,256764816
1340,ADVM,0.09420000000000002,0.4714,2726090,1.214705,147228144
1341,NSPR,0.0061,0.0212,8100,1.398529,16600000
1342,BRDG,0.18130000000000002,0.4895,118600,,375662528
1343,BOX,0.1631,0.4363999999999999,1505380,1.275,4058971136
1344,FMNB,0.10239999999999999,0.2324,78230,0.940686,500491392
1345,EARN,0.0583,0.21149999999999997,101670,1.825,99343872
1346,MBII,0.05910000000000001,0.21680000000000002,1400720,0.437254,185223648
1347,ASTC,0.042,0.08729999999999999,135150,-1.227941,23321328
1348,WSBF,0.1303,0.7646000000000001,102910,,421874208
1349,GGAAU,0.0055000000000000005,0.49839999999999995,4480,,
1350,PSPC,0.048299999999999996,0.32749999999999996,48780,,427559040
1351,CRNX,0.16629999999999998,0.6403,351430,1.460153,960210496
1352,CNOB,0.1575,0.3906,159460,1.233823,971838016
1353,IHD,0.028999999999999998,0.2869,44530,,106425880
1354,EVRI,0.23459999999999998,0.44500000000000006,808790,2.639705,1549365632
1355,INTZ,0.08639999999999998,0.20049999999999998,33950,1.188235,73292704
1356,RCKY,0.17350000000000002,0.49910000000000004,15570,0.742156,237840528
1357,RMT,0.0181,0.2071,117130,1.373529,371894080
1358,SBT,0.034,0.18480000000000002,258600,0.753418,291091296
1359,CNTG,0.0008,0.1368,8330,-1.590055,51775760
1360,HSON,0.29209999999999997,0.48490000000000005,13710,0.499019,81030384
1361,EPSN,0.0806,0.47760000000000014,172720,0.22696,139808928
1362,WIMI,0.001,0.05240000000000001,469350,1.192756,193168320
1363,UNM,0.2411,0.9800000000000001,2028160,1.514215,6865531904
1364,STEP,0.27009999999999995,0.5694999999999999,512590,,1594337408
1365,SONN,0.048299999999999996,0.0654,428760,0.184162,17183472
1366,WKHS,0.1277,0.4825,4486180,2.749019,433516288
1367,MSI,0.1597,0.4171,658560,0.882352,36322988032
1368,FISV,0.1559,0.45430000000000004,3342230,0.814215,60866789376
1369,TPGY,0.0036000000000000003,0.8723999999999997,46970,,434437504
1370,SLG,0.19730000000000006,0.4791,909380,1.370588,2986686976
1371,FAT,0.017099999999999997,0.06420000000000001,6840,2.163841,127482304
1372,AFCG,0.1426,0.2626,101410,,256014384
1373,ON,0.165,0.47150000000000003,7920850,1.710294,22748033024
1374,VSTO,0.208,1.0278,1070220,0.557843,1520065536
1375,AEHR,0.1102,0.32360000000000005,264480,1.383333,198620560
1376,KNOP,0.09190000000000001,0.184,116350,1.073529,577148864
1377,WALD,0.0002,0.6376999999999999,279430,,429524992
1378,VCV,0.0011,0.1475,94780,0.348529,517496352
1379,RNER,0.0007999999999999999,0.0979,4630,,222251760
1380,CAMT,0.0895,0.22909999999999997,111560,1.561274,1120593792
1381,UTG,0.0053,0.12849999999999998,196930,0.709313,2032914304
1382,TACT,0.10269999999999997,0.4244,27860,1.937745,36980048
1383,ASGN,0.21579999999999996,0.5354,330650,2.007843,4774965248
1384,CNS,0.15870000000000004,0.29519999999999996,139470,1.298529,3167348224
1385,IVZ,0.1317,0.4,3519320,1.190686,7226375680
1386,UG,0.10379999999999999,0.42679999999999985,8920,0.068627,64963688
1387,SYNL,0.10690000000000001,0.1704,25460,0.671568,138121968
1388,DBI,0.22400000000000003,0.5045,1492780,2.352941,953967552
1389,DYAI,0.03810000000000001,0.1306,31830,0.241666,95469280
1390,FCF,0.2297,0.47200000000000003,451640,1.020098,1289652480
1391,GDV,0.005700000000000001,0.1618,125060,1.307352,1873724416
1392,AM,0.15259999999999999,0.3243,4910910,2.719772,4445562368
1393,MPV,0.025300000000000003,0.2373,5950,0.45098,129255928
1394,NGL,0.1522,0.24349999999999997,628570,2.343137,182727536
1395,BG,0.1968,0.4754,1737500,0.543137,12277232640
1396,FORG,0.13379999999999997,0.6263,631900,,1789480064
1397,IR,0.17729999999999999,0.6054999999999999,2498520,1.489331,17246957568
1398,ACT,0.0395,0.1653,401670,,3543398400
1399,MAT,0.3018,0.6851,2122280,1.444607,7959747072
1400,SEVN,0.0772,0.14900000000000002,27010,,155607216
1401,AVPT,0.03509999999999999,0.3025999999999999,2521000,0.826147,855395328
1402,VNET,0.09370000000000002,0.7801,1100330,0.153431,767691456
1403,HTD,0.021,0.07849999999999999,64120,0.990686,782547776
1404,GBX,0.32599999999999996,0.6331000000000001,394100,1.398529,1010230976
1405,FSK,0.018300000000000007,0.1875,1374930,1.490196,5877281792
1406,PROC,0.0001,0.0162,15680,0.082044,990594688
1407,RE,0.1762,0.4752,225580,0.619607,11009147904
1408,HAE,0.24769999999999995,0.5562,577590,0.292156,3373454336
1409,DOCN,0.12000000000000001,0.40759999999999996,1631300,,4212596480
1410,RKT,0.1791,0.46349999999999997,3823420,,17200080896
1411,RBCN,0.039700000000000006,0.2168,538080,0.355882,37859124
1412,JRO,0.036800000000000006,0.17880000000000001,82490,0.539705,336370336
1413,UFPI,0.23380000000000004,1.0070000000000001,245350,1.497058,4363399168
1414,IPGP,0.128,0.38299999999999995,404260,1.355392,4939602944
1415,ARTL,0.024800000000000003,0.0433,409150,,13807047
1416,FDP,0.3057,0.5397000000000001,499860,0.782352,1433018368
1417,RPT,0.294,0.6703999999999999,588220,1.571078,814238464
1418,NCZ,0.030600000000000002,0.2069,755590,1.236274,232533776
1419,ALGM,0.10869999999999999,0.29950000000000004,475560,,3806391040
1420,CHRW,0.20370000000000002,0.5141000000000001,1132750,0.777941,12942806016
1421,AIM,0.062400000000000004,0.14839999999999998,79130,-0.634313,38278880
1422,R,0.16059999999999997,0.4916000000000001,430090,1.802941,3846319616
1423,NLIT,0.0204,0.6595000000000001,324050,,171237760
1424,RNST,0.27669999999999995,0.5431999999999999,302300,1.12549,1636186240
1425,OBE,0.0039,0.07919999999999999,923960,3.257432,
1426,AGX,0.18600000000000003,0.5212000000000001,83690,0.497058,566672128
1427,HAS,0.21550000000000002,0.4648,822150,0.95098,11419252736
1428,TSCO,0.1403,0.7633999999999999,923990,0.983333,23187529728
1429,VSEC,0.2345,1.1631000000000002,33650,1.50147,435636832
1430,TGH,0.11880000000000002,0.4815999999999999,385880,1.219117,1320952064
1431,NUZE,0.08090000000000001,0.09000000000000001,24560,-1.158333,18749708
1432,EXK,0.14819999999999997,0.2052,2596980,1.423149,528429056
1433,NTR,0.07789999999999998,0.278,3619830,0.814994,43334070272
1434,LXU,0.04019999999999999,0.7247000000000002,1114220,1.803921,1153830144
1435,TTEC,0.0952,0.41619999999999996,85540,0.893627,3119378176
1436,O,0.16190000000000002,0.4672,3516160,0.80147,39080214528
1437,TIOA,0.001,0.7279999999999999,20120,,421331264
1438,ONCY,0.0012,0.014699999999999998,193890,1.702719,55032604
1439,JHI,0.0001,0.1096,18050,0.873039,119533104
1440,NGC,0.04760000000000001,0.3901,1890,,211250768
1441,VVV,0.1758,0.9508,1519880,1.380392,5307610112
1442,SU,0.0882,0.2714,8343010,1.989879,46392471552
1443,HYT,0.07579999999999999,0.1828,321840,0.753921,1152602496
1444,PMM,0.0040999999999999995,0.057300000000000004,125080,0.302941,338688960
1445,PYCR,0.08629999999999999,0.1803,621510,,4777637376
1446,CHSCN,0.31289999999999996,0.0001,42530,,
1447,AMT,0.16599999999999998,0.39710000000000006,1643520,0.477941,116663410688
1448,XPRO,0.3891,1.4520999999999997,901330,,1076886016
1449,WMG,0.16119999999999998,0.9565999999999999,701020,,13004897280
1450,OTEX,0.0802,0.3296,465860,0.956372,10588319744
1451,EZPW,0.23129999999999998,0.5961,324660,1.388725,412856832
1452,BOXD,0.0001,0.323,17640470,,115283312
1453,WELL,0.1735,1.0868999999999998,1844470,0.998529,35590262784
1454,VNRX,0.020700000000000003,0.2127000000000001,39300,1.715686,
1455,CLB,0.31709999999999994,0.6789,423870,2.788725,821177472
1456,CIDM,0.048299999999999996,0.1613,2885350,1.632843,89201704
1457,ACXP,0.0018000000000000002,0.0081,16130,,37900620
1458,VYNT,0.037200000000000004,0.13289999999999993,72270,,25710876
1459,EVR,0.131,0.3436,376550,1.563725,3451271680
1460,BEEM,0.17410000000000003,0.3067999999999999,276590,1.190686,125335504
1461,FRHC,0.002699999999999999,0.011600000000000003,122160,1.257843,2867786496
1462,TSHA,0.1138,0.7054999999999999,416670,,163898816
1463,FMX,0.0701,0.1973,788290,0.455392,21329829888
1464,PACB,0.30230000000000007,0.6255000000000001,6627190,1.263235,1128358656
1465,ODP,0.2293,0.6289999999999999,361820,1.923039,1616873088
1466,JRVR,0.27170000000000005,0.5139,193410,0.409313,861797312
1467,CGNT,0.1716,0.5560999999999999,1482700,,278761600
1468,FELE,0.22820000000000001,0.5322,200480,0.977941,3468141056
1469,HR,0.23740000000000003,0.5258,5039740,0.640196,3752730624
1470,MVO,0.0048000000000000004,0.04300000000000001,99070,1.120588,144900000
1471,FRPT,0.2179,0.5689,958440,0.67549,2097930624
1472,NYMX,0.002,0.0093,161630,1.123529,34003156
1473,TREE,0.24319999999999997,1.0351999999999995,374220,1.45049,592229568
1474,ANIX,0.053599999999999995,0.0987,53420,1.632843,89118920
1475,PV,0.0048,0.29390000000000005,18660,,529437536
1476,JEMD,0.0138,0.15159999999999998,29950,,92971464
1477,BHE,0.30519999999999997,0.6267,172900,1.012254,785501888
1478,RAMP,0.23860000000000003,0.5218,859420,1.120098,1876986496
1479,DHHC,0.0028,0.4244000000000001,45010,,424134368
1480,WCC,0.1801,1.0613000000000004,1223730,2.289215,5286738432
1481,VISL,0.052899999999999996,0.21559999999999999,330760,1.848039,27644358
1482,IIIV,0.19519999999999998,0.4535,134170,1.485959,565733440
1483,TWO,0.2695,0.9457000000000002,4348540,1.692647,1642146432
1484,ONCR,0.0769,0.6636,297080,,33293610
1485,SGC,0.1478,0.30529999999999996,28860,0.889215,289717568
1486,VTOL,0.16210000000000002,1.5301,186270,,672984896
1487,FOXF,0.3054,0.5828,276100,1.778921,3618628352
1488,PRVB,0.0867,0.2967,811890,2.595785,279482432
1489,DHR,0.0986,0.3366,1806010,0.779901,188526854144
1490,EMBK,0.015300000000000003,0.5115999999999998,5554660,,229092192
1491,RMO,0.1458,0.23950000000000005,9353740,0.964764,68946928
1492,PSTX,0.13899999999999998,0.37199999999999994,501640,,158140944
1493,FOXW,0.0136,0.6176,64310,,74908128
1494,LYRA,0.010599999999999998,0.15239999999999998,68830,,78547784
1495,SCTL,0.0647,0.39480000000000004,171240,,
1496,SPCB,0.0005,0.027599999999999993,541270,0.304901,8741069
1497,AVDX,0.05280000000000001,0.4345,2998410,,1349945344
1498,IPAR,0.14289999999999997,0.34,86740,1.036764,2221372928
1499,DMAC,0.0479,0.129,524420,2.446078,34897100
1500,WULF,0.0012000000000000001,0.0448,698260,,149464576
1501,PFTA,0.0026,0.4077,94910,,314175232
1502,ARGX,0.11830000000000002,0.3617,402460,1.007482,18845976576
1503,SNRH,0.043100000000000006,0.3719,18970,,509737504
1504,CSPI,0.0969,0.24339999999999998,2880,1.70147,38759136
1505,SBOW,0.083,0.552,861380,2.217156,464538464
1506,HCM,0.0707,0.21699999999999997,535580,0.624799,2691848960
1507,LIFE,0.3288999999999999,0.6179000000000001,80580,1.503431,86984896
1508,VRCA,0.095,0.5977999999999999,1227030,1.967238,82832488
1509,CSV,0.15019999999999997,0.5015,147570,1.045588,658854336
1510,ANSS,0.1656,0.43079999999999996,462390,1.258333,21397925888
1511,LQDT,0.1682,0.4536,302240,1.174509,534495968
1512,AGM,0.1617,0.45750000000000013,29090,0.964705,1042122816
1513,HCA,0.1253,0.3873000000000001,2358910,1.606862,52923674624
1514,ANZU,0.021300000000000003,0.4096000000000001,60940,,520625024
1515,LMST,0.0508,0.3759,2640,0.740196,144428880
1516,MLCO,0.09809999999999998,0.2651,3349800,1.719607,2319206656
1517,LATGU,0.005,0.10089999999999999,160,,
1518,GOEV,0.0745,0.1279,4678330,0.100727,553785536
1519,KGC,0.0949,0.25039999999999996,20456380,0.908918,4177418240
1520,BCH,0.0011,0.007499999999999999,181170,0.295605,8394512896
1521,UVSP,0.15480000000000002,0.9508,59540,1.021568,750949504
1522,HCWB,0.0055,0.016600000000000004,6530,,87987584
1523,AGR,0.0315,0.0793,699950,0.340686,17608146944
1524,ISEE,0.16630000000000003,0.5471,2259110,1.453431,1303468160
1525,ALK,0.21040000000000003,0.3820999999999999,1574640,1.506372,5058178560
1526,UEC,0.24280000000000004,0.67,9231470,2.066666,866303808
1527,CVRX,0.0805,0.5073000000000001,169350,,131269104
1528,DUO,0.0007000000000000001,0.010499999999999999,30030,-0.579972,162751728
1529,IMTE,0.0002,0.0056,4554170,,20711312
1530,FAX,0.0338,0.12050000000000002,1617560,0.623529,682303424
1531,BKT,0.0092,0.217,153780,0.188725,292964128
1532,HYPR,0.0006000000000000001,0.22780000000000003,194830,,114853136
1533,PYPD,0.009399999999999997,0.057199999999999994,11320,,88531152
1534,SLNH,0.0428,0.0629,74740,1.65245,57127680
1535,PJT,0.16999999999999998,0.35760000000000003,210140,0.893137,1630789376
1536,UPC,0.0004,0.11339999999999997,166160,,13485000
1537,ETG,0.0081,0.1249,177710,1.354901,1252254208
1538,VIR,0.11190000000000001,0.8974,1440330,-0.973816,3915929600
1539,ISRG,0.1367,0.41419999999999996,1680580,1.169607,73337176064
1540,NVCR,0.2928,0.5961000000000001,546880,0.841176,7823725056
1541,SLRC,0.11020000000000002,0.24910000000000002,203920,1.189215,616373760
1542,CBAN,0.061700000000000005,0.2718,283410,0.484313,204839504
1543,KO,0.10330000000000002,0.3635,14139810,0.657843,271713107968
1544,XOM,0.2578,0.6082,28632640,1.156862,362541252608
1545,WTW,0.1725,0.9515999999999999,714340,0.778921,
1546,BKI,0.21979999999999997,0.545,762920,0.835723,9982550016
1547,GAN,0.1499,0.332,789970,,125522384
1548,SNPO,0.0187,0.9178000000000001,174800,,758134080
1549,GDDY,0.21989999999999998,0.5636,1094380,0.995588,12054993920
1550,CDTX,0.04870000000000001,0.39470000000000005,322410,1.333823,49387724
1551,GSL,0.0022,0.2587,734390,1.67598,560636032
1552,CEQP,0.1502,0.2163,519430,3.122058,1493162880
1553,GWRS,0.0747,0.24019999999999997,23690,0.632843,303952256
1554,PPTA,0.0353,0.6023000000000001,414800,1.096141,173718256
1555,MQY,0.0299,0.23979999999999999,215140,0.192647,966099456
1556,AAU,0.0187,0.036599999999999994,377450,1.246679,31945048
1557,ORA,0.12479999999999998,0.5811,1693220,0.449509,4341796352
1558,MXL,0.30650000000000005,0.614,833490,1.996078,2595174144
1559,APA,0.22970000000000004,0.5194,8732030,4.42549,
1560,ACDI,0.0055,0.16280000000000006,121540,,376124992
1561,ASG,0.0054,0.1099,205620,1.4,326057632
1562,JOBY,0.026499999999999996,0.214,6438650,,2965119488
1563,SWI,0.0576,0.8696999999999999,1387230,0.832825,1726126592
1564,HE,0.1569,0.34349999999999997,396640,0.268627,4351124480
1565,CRCT,0.1302,0.5297000000000001,138790,,1485758976
1566,ATHE,0.0024,0.0205,64530,0.872795,27302412
1567,STLD,0.1714,0.4611,1655170,1.416666,13070876672
1568,HQY,0.20550000000000002,0.5093000000000001,962120,1.090196,5220071424
1569,VIRT,0.15199999999999997,0.9300999999999998,1248040,-0.422058,2512196608
1570,GTEC,0.0005,0.0098,10500,2.530129,47245152
1571,ORIC,0.19650000000000004,0.6303999999999998,687460,2.176181,181156736
1572,AVID,0.1532,0.46569999999999995,282870,1.186764,1300235264
1573,NDLS,0.2034,0.5601,319520,1.510784,229818192
1574,HCC,0.2599,0.5137,854050,1.056439,1488862464
1575,CORS,0.0009000000000000002,0.4108,227160,,289413984
1576,VTIQU,0.0004,0.1962000000000001,18670,,279336800
1577,HWC,0.2002,0.46179999999999993,343140,1.456372,3867252224
1578,WNS,0.18270000000000003,0.9621000000000001,152800,1.383333,3745593088
1579,VVR,0.0989,0.7031999999999999,677040,0.588235,584578432
1580,UTZ,0.2696,1.1177000000000001,636240,0.645856,1999017600
1581,FDUS,0.0172,0.14539999999999997,74560,1.794607,440117568
1582,LARK,0.0955,0.17859999999999998,1430,0.418627,124197816
1583,MSVB,0.016399999999999998,0.24609999999999999,230,0.266666,42242760
1584,G,0.202,0.6226,1022960,1.456862,8300968448
1585,DMF,0.0168,0.10339999999999999,40570,0.197058,144664432
1586,IDCC,0.2073,0.49179999999999996,433120,1.036274,1920442752
1587,SBCF,0.2567,0.5124,401960,1.197549,1929604736
1588,PDT,0.0066,0.03609999999999999,68500,0.856862,675403072
1589,AIZ,0.19170000000000004,0.6028000000000001,426090,0.593627,10048125952
1590,HIMX,0.018400000000000003,0.1894,3355720,2.006862,1103376000
1591,BDN,0.29009999999999997,0.6677,1635460,1.082843,1538422656
1592,DELL,0.1668,0.4325,4322400,0.972436,32510947328
1593,PETZ,0.001,0.004399999999999999,1289940,,157501504
1594,AFTR,0.0982,0.5912,36880,,303218752
1595,LGST,0.006,0.1116,79820,,
1596,CVII,0.020500000000000008,0.31279999999999997,71960,,1688775040
1597,BSGM,0.08230000000000001,0.2078,372610,1.586274,25247078
1598,RNA,0.2441,0.6437999999999999,462420,,779898752
1599,ALLT,0.1013,0.4985,48210,0.816176,181118352
1600,AXH,0.012,0.35489999999999994,6540,,
1601,EMX,0.0235,0.09299999999999999,105840,0.931056,200959920
1602,GATE,0.0414,0.6171999999999999,1540,,423790336
1603,NARI,0.199,0.43290000000000006,633030,,3652901376
1604,ROC,0.0035000000000000005,0.21550000000000002,6130,,216109728
1605,EWCZ,0.1701,0.7006999999999999,779240,,588539264
1606,NESR,0.07479999999999999,0.2806,395710,0.731002,575575552
1607,CCXI,0.1961,0.44189999999999996,1172120,1.837254,1614226176
1608,AJG,0.14089999999999997,0.45499999999999996,779180,0.715196,34403999744
1609,OCFC,0.14159999999999998,0.3634,249250,0.861274,1138853376
1610,UMPQ,0.21760000000000002,0.9809000000000001,1427420,1.003921,3707485440
1611,APPN,0.19580000000000003,0.5390999999999999,459250,1.688952,3655613184
1612,EKSO,0.048299999999999996,0.14930000000000002,87750,1.923039,21178772
1613,NBRV,0.0217,0.054099999999999995,1418150,1.541176,11343940
1614,SPB,0.24480000000000002,0.5287999999999999,267850,1.566666,3188136960
1615,BOAS,0.0142,0.4074,14170,,281750016
1616,MTACU,0.020300000000000002,0.14720000000000003,130,,
1617,KTF,0.024499999999999997,0.2704,81220,0.185784,380539840
1618,EGF,0.001,0.5625,910,0.131862,42873116
1619,BUSE,0.11350000000000002,0.3238999999999999,197400,0.90049,1303211264
1620,PTRA,0.0899,0.4297000000000001,4639350,,1017288896
1621,AHRN,0.0002,0.0312,36510,,
1622,LTBR,0.0391,0.07569999999999999,80130,3.157352,38524128
1623,BOXL,0.0437,0.12060000000000001,260640,3.406837,43448136
1624,FINV,0.0668,0.4834,592150,0.952136,1269524480
1625,LC,0.1652,0.40559999999999996,1883450,2.071568,1230434048
1626,ZENV,0.023799999999999998,0.4382999999999999,99170,,86836648
1627,OR,0.15699999999999997,0.37559999999999993,1069100,0.590765,1659586304
1628,ESE,0.2959,0.6243,118600,1.158823,1749041408
1629,PL,0.0037,0.1459,4721370,,1213673984
1630,SHW,0.11829999999999999,0.35619999999999996,1723260,1.146078,63338688512
1631,TPH,0.24050000000000002,1.1740000000000004,1418180,1.513725,2083281920
1632,WWW,0.25070000000000003,1.1591000000000002,605940,1.808333,1666330880
1633,ERII,0.11659999999999998,0.3434,475210,1.271568,1125297024
1634,FCN,0.2051,0.5933,361010,0.449509,6490127360
1635,SPG,0.1638,0.4891,2054800,1.498529,31836608512
1636,LFVN,0.0816,0.24270000000000003,23030,1.348529,56416460
1637,BGX,0.0333,0.232,42580,,145711440
1638,BRSP,0.1068,0.2652,677350,1.734002,982969856
1639,COP,0.1411,0.40140000000000003,9621640,1.420588,112572252160
1640,FWRD,0.2726,0.6035999999999999,124290,1.22647,2451578880
1641,EGP,0.21749999999999997,0.5530000000000002,743440,0.872058,6301184512
1642,MIR,0.0728,0.5367000000000001,2998580,,1289080448
1643,ACLX,0.0001,0.20759999999999998,246990,,
1644,OMF,0.18009999999999998,0.40980000000000005,1023400,1.791666,4990390784
1645,ICE,0.13410000000000002,0.36739999999999995,2596100,0.844607,53376897024
1646,REYN,0.11999999999999998,0.1879,487770,0.343942,5766302208
1647,OSUR,0.21459999999999996,0.6369999999999999,1384500,-0.353431,220077312
1648,AHPI,0.06379999999999998,0.0834,34470,-4.405882,7184236
1649,EOCW,0.0131,0.37049999999999994,309410,,743590080
1650,HYZN,0.027100000000000003,0.0974,3062370,,774881152
1651,OSI,0.0072,0.39289999999999997,5670,,280024992
1652,TRDA,0.0868,1.4672000000000003,235620,,362537824
1653,ACHV,0.047799999999999995,0.1805,30230,1.167117,49347476
1654,FIACU,0.0005,0.29359999999999997,736,,
1655,AUD,0.0946,0.38430000000000003,741190,1.462254,114813808
1656,OCAX,0.0084,0.5040000000000001,11870,,187809376
1657,POLY,0.4418,0.8016999999999999,814590,1.924019,1698581120
1658,MSA,0.19379999999999997,0.5284,109850,0.930882,4824470528
1659,SATS,0.1767,0.5118,272190,0.664215,1610743808
1660,GRPN,0.159,0.3549,968310,2.291666,297082016
1661,MEOH,0.0939,0.5701,532970,2.122707,2871995392
1662,MOXC,0.0014,0.050899999999999994,21650,3.205392,19998488
1663,ANGN,0.0634,0.19249999999999995,405670,,33790932
1664,EXPO,0.2636,0.5361,256860,0.524509,4830215168
1665,IIF,0.0232,0.5211,26140,0.957843,255849120
1666,AQN,0.0479,0.2469,2209590,0.218216,8966425600
1667,TTEK,0.1824,0.9407000000000001,1082140,0.858333,7496281600
1668,GSBC,0.1125,0.2761,52270,0.858333,792312832
1669,EVAX,0.00039999999999999996,0.047200000000000006,35520,,52994036
1670,MACAU,0.004699999999999999,0.1784,50,,
1671,DXLG,0.04590000000000002,0.3745,1262380,1.628431,222970352
1672,SHOO,0.24889999999999998,0.5297999999999999,770940,1.236274,2690852608
1673,KLR,0.0554,0.32449999999999996,712080,0.855354,84920376
1674,AUB,0.18649999999999997,0.43650000000000005,393730,1.166666,2579770624
1675,DXC,0.21169999999999997,0.49740000000000006,1236250,2.241666,7388080640
1676,RMCF,0.14650000000000002,0.2648,7850,1.12549,43230076
1677,BRPM,0.0134,0.2593,204940,,219941696
1678,RAPT,0.24789999999999998,0.6439999999999999,360960,0.639885,594467584
1679,KNSL,0.22940000000000002,0.4834,125970,0.965686,5152370688
1680,GLNG,0.0785,0.37160000000000004,1475450,0.702941,2330041344
1681,NBHC,0.2723,0.6278999999999999,112590,0.889215,1153441024
1682,BHG,0.0142,0.6674,2533240,,1159695104
1683,PAQCU,0.007600000000000001,0.14629999999999999,5680,,
1684,NGVT,0.1871,0.42760000000000004,259360,2.071568,2483673600
1685,PHCF,0.0009,0.0031,13760,-0.184434,8823699
1686,HBT,0.08090000000000001,0.2087,16150,1.305595,513400096
1687,OCUP,0.045599999999999995,0.09919999999999998,108570,,34427996
1688,TRS,0.32170000000000004,1.3748,141570,0.723529,1149850624
1689,HTLF,0.1492,0.42819999999999997,95690,1.189215,1758519808
1690,PFSI,0.1309,0.37549999999999994,425220,1.210784,2764337664
1691,BLMN,0.21389999999999998,0.4961000000000001,1872470,1.931862,1486079488
1692,DDL,0.0008,0.18150000000000002,842480,,1347851264
1693,GES,0.21239999999999998,0.4405,1200230,2.068137,1129459968
1694,PNTG,0.33930000000000005,0.7167999999999999,132830,2.541248,314259040
1695,FA,0.1133,0.767,745950,,1937690752
1696,PB,0.2235,0.5042,582940,1.132843,6331735040
1697,LOCC,0.0096,0.4527,12820,,247972496
1698,WEBR,0.0444,1.2572999999999999,747490,,2254355200
1699,GRBK,0.10950000000000001,0.6299999999999999,432640,1.518627,1102760960
1700,BOH,0.2293,0.4757999999999999,217670,1.15098,3019589888
1701,HEES,0.22390000000000002,0.4265999999999999,304740,2.082352,991944640
1702,IHG,0.0133,0.030800000000000004,219360,0.982362,10048065536
1703,GM,0.17149999999999996,0.4338,15931310,1.203921,45437554688
1704,SYY,0.15489999999999998,0.39320000000000005,2573300,1.25245,44303728640
1705,ANDE,0.21419999999999997,0.5020999999999999,302440,0.657352,1017828736
1706,NTLA,0.22549999999999998,0.4969,1698180,2.00098,4563397632
1707,JGH,0.0243,0.3094,42370,,263568768
1708,JBI,0.1521,0.6498,1653840,0.516139,1364492288
1709,NTGR,0.30960000000000004,0.6555,232520,0.535294,548522688
1710,COKE,0.13369999999999999,0.284,36030,1.045588,5438052864
1711,ARL,0.0048000000000000004,0.0082,24140,0.820588,232588800
1712,AORT,0.2838,0.5867000000000001,222040,1.548039,
1713,BACA,0.025900000000000003,0.5977,8630,,336309728
1714,BOOT,0.22870000000000001,0.492,514520,2.909313,2000680064
1715,BXMX,0.0127,0.18099999999999997,276170,0.943137,1338558848
1716,LSXMB,0.0013000000000000002,0.010499999999999999,650,1.146078,14211966976
1717,AOSL,0.1574,0.31110000000000004,472150,2.466666,892087040
1718,VIRC,0.0318,0.37209999999999993,7230,1.261274,55873940
1719,RIVN,0.052099999999999994,0.5529000000000001,17207740,,26659422208
1720,TNET,0.1346,1.4886000000000004,296910,1.287254,5234333696
1721,SB,0.0428,0.17529999999999998,1328230,0.648529,397766080
1722,CCEP,0.03659999999999999,0.1301,1011820,0.747728,23507888128
1723,URI,0.15050000000000002,0.7349999999999999,692840,1.839215,17874176000
1724,QTRX,0.2083,0.47729999999999995,406020,1.501466,656732160
1725,SNN,0.0245,0.0579,819210,0.454836,11916593152
1726,ZEAL,0.0031999999999999997,0.036199999999999996,660,1.157669,642617472
1727,TSRI,0.046400000000000004,0.15319999999999995,2420,0.862254,14362280
1728,CINF,0.14329999999999998,0.4071000000000001,698920,0.645098,19038001152
1729,NWFL,0.05600000000000001,0.1402,7020,0.443137,207108720
1730,ASAQ,0.0352,0.4197,25850,,310312512
1731,PRFT,0.21140000000000003,0.46480000000000005,223530,1.508823,3083633664
1732,NMMC,0.034300000000000004,0.43910000000000005,19860,,163989504
1733,MHI,0.0514,0.19019999999999998,103500,0.232843,221223184
1734,HYLN,0.08889999999999999,0.20510000000000006,2062070,0.916507,604862336
1735,ITHX,0.0056,0.3907,271740,,307390496
1736,HMNF,0.0985,0.479,920,0.15,104710480
1737,FSTR,0.17190000000000003,0.4276,10570,0.931862,141980880
1738,SMIT,0.1794,0.20389999999999997,2080,0.841666,16679347
1739,HFBL,0.006699999999999999,0.23020000000000002,1670,,70152104
1740,LILAK,0.0917,0.40839999999999993,844590,1.368575,1634671872
1741,FVAM,0.0147,0.6101,7690,,109460904
1742,DADA,0.03860000000000001,0.16419999999999998,961210,,1843384192
1743,NXST,0.16810000000000003,0.4405,342730,1.507352,6813700608
1744,RMGC,0.0297,0.3086,73070,,593486272
1745,CG,0.12259999999999999,0.30630000000000007,1975730,1.449509,11289152512
1746,OPT,0.023499999999999997,0.10529999999999999,3290,-0.001603,290025120
1747,ESACU,0.0177,0.28559999999999997,1614,,
1748,SESN,0.1095,0.20160000000000003,4979000,0.678921,177024304
1749,UTI,0.11529999999999999,0.7924000000000002,766210,0.627941,242632912
1750,LAND,0.1301,0.27070000000000005,298470,0.634313,798119296
1751,GTES,0.1164,0.8548,803640,1.599665,3212744704
1752,RA,0.011199999999999998,0.07499999999999998,201060,,981003328
1753,EWBC,0.2358,0.48539999999999994,832360,1.583823,9412691968
1754,ARCT,0.4054,0.5859,624620,2.744871,483319744
1755,FNF,0.1578,0.38749999999999996,1859800,1.361274,10610198528
1756,DLR,0.22970000000000002,0.5597000000000001,1738200,0.341666,36026761216
1757,BBIG,0.03450000000000002,0.0729,21871225,0.348207,145354416
1758,TEAM,0.13269999999999998,0.8935000000000001,1627740,0.930882,53982773248
1759,IVT,0.13599999999999998,0.2666,1240940,-8.278431,1841394560
